gene,n_variants,n_pathogenic,pct_rare,pct_lof,mean_review_stars,pct_missense,mean_gnomad_af_global_log,mean_gnomad_af_nfe_log,subtype,is_scoliosis,control_set
A1BG,2,2,100.0,0.0,0.0,0.0,-4.192153841716554,-4.203412011094989,CONTROL,0,0
A1CF,1,1,100.0,0.0,0.0,0.0,-6.300340632035949,-6.398944300754032,CONTROL,0,0
A2M,18,17,100.0,0.0,0.5,0.0,-5.914105570896277,-5.946561599436009,CONTROL,0,0
A2ML1-AS2,2,2,100.0,0.0,1.0,0.0,-6.131478297656157,-5.99756307014213,CONTROL,0,0
AAAS,1,1,100.0,0.0,0.0,0.0,-6.102957808881419,-6.2306993936269865,CONTROL,0,0
AADACL3,16,13,100.0,0.0,0.5,0.0,-5.93943482198262,-5.870302072654495,CONTROL,0,0
AADACL4,1,1,100.0,0.0,0.0,0.0,-5.818566668060832,-5.957334618816348,CONTROL,0,0
AAGAB,3,3,100.0,0.0,0.3333333333333333,0.0,-5.753298459561305,-5.844382982985386,CONTROL,0,0
AAK1,4,2,100.0,0.0,0.25,0.0,-5.825720415450775,-5.793576590488786,CONTROL,0,0
AARS1,3,2,100.0,0.0,0.3333333333333333,0.0,-5.1433679621268285,-5.129756759358706,CONTROL,0,0
AARS2,2,2,100.0,0.0,0.0,0.0,-6.670956520417027,-6.772054245937857,CONTROL,0,0
AATBC,14,14,100.0,0.0,0.5,0.0,-5.452619373698582,-5.490463784646179,CONTROL,0,0
ABCA1,7,7,100.0,0.0,0.5714285714285714,0.0,-5.500312758952254,-5.458313365662911,CONTROL,0,0
ABCA2,5,5,100.0,0.0,0.4,0.0,-5.922820283033561,-5.880883022914884,CONTROL,0,0
ABCB7,14,14,100.0,0.0,0.2857142857142857,0.0,-6.00302014501584,-5.981878355517177,CONTROL,0,0
ABCC11,1,1,100.0,0.0,0.0,0.0,-6.298185893896966,-6.252454738140201,CONTROL,0,0
ABCC8,4,4,100.0,0.0,0.25,0.0,-6.1999621104865765,-6.217912606732862,CONTROL,0,0
ABCD1,2,2,100.0,0.0,1.0,0.0,-4.522190510757069,-4.560685331449919,CONTROL,0,0
ABCF1,1,0,100.0,0.0,1.0,0.0,-5.938617028510605,-5.558111168383225,CONTROL,0,0
ABCG1,15,15,100.0,0.0,0.6666666666666666,0.0,-6.2010052908826445,-6.180517800114297,CONTROL,0,0
ABHD16A,1,0,100.0,0.0,1.0,0.0,-4.606944073288964,-4.543420947913641,CONTROL,0,0
ABI1,1,1,100.0,0.0,0.0,0.0,-4.715829826275524,-4.837180259991073,CONTROL,0,0
ABL1,2,1,100.0,0.0,1.0,0.0,-4.853554825388489,-4.864895050505553,CONTROL,0,0
ABTB2,6,6,100.0,0.0,0.3333333333333333,0.0,-5.8506980855363935,-5.864327347293847,CONTROL,0,0
ACAP3,2,2,100.0,0.0,0.5,0.0,-5.93753025484206,-5.9842520697697905,CONTROL,0,0
ACBD7,3,3,100.0,0.0,0.3333333333333333,0.0,-5.99270774584805,-6.019498132120355,CONTROL,0,0
ACD,1,1,100.0,0.0,0.0,0.0,-3.693717703617407,-3.8227780790047334,CONTROL,0,0
ACE2,6,6,100.0,0.0,0.16666666666666666,0.0,-6.229297368146728,-6.230975675458528,CONTROL,0,0
ACMSD,4,4,100.0,0.0,0.0,0.0,-5.498333579320808,-5.488452050417478,CONTROL,0,0
ACOT7,2,2,100.0,0.0,1.0,0.0,-7.0,-7.0,CONTROL,0,0
ACOXL,1,1,100.0,0.0,1.0,0.0,-4.5147798271909,-4.533624472093837,CONTROL,0,0
ACP1,2,2,100.0,0.0,0.0,0.0,-6.239009223678199,-6.127078400579855,CONTROL,0,0
ACP5,3,2,100.0,0.0,0.3333333333333333,0.0,-5.458254423340979,-5.417799665869773,CONTROL,0,0
ACP7,1,1,100.0,0.0,0.0,0.0,-6.110149745580145,-6.347450449213275,CONTROL,0,0
ACTG2,3,2,100.0,0.0,1.0,0.0,-6.904597913656574,-6.9486771711970166,CONTROL,0,0
ACTL8,2,2,100.0,0.0,1.0,0.0,-4.540092986522108,-4.614746720243474,CONTROL,0,0
ADARB2,10,9,100.0,0.0,0.2,0.0,-5.508565297402518,-5.501596762142651,CONTROL,0,0
ADGRG1,3,2,100.0,0.0,1.0,0.0,-5.897511934590203,-5.936727157980537,CONTROL,0,0
ADTRP,12,12,100.0,0.0,0.4166666666666667,0.0,-6.13409568483504,-6.167773688455772,CONTROL,0,0
AGMAT,1,0,100.0,0.0,0.0,0.0,-6.558450489421038,-6.662552845053141,CONTROL,0,0
AGTRAP,3,2,100.0,0.0,0.3333333333333333,0.0,-6.511418939701336,-6.543034759705598,CONTROL,0,0
AKAP3,2,2,100.0,0.0,1.0,0.0,-4.613048240793343,-4.645286232373574,CONTROL,0,0
AKAP4,9,9,100.0,0.0,0.2222222222222222,0.0,-5.734346237411137,-5.7670105541847905,CONTROL,0,0
AKR1C3,2,2,100.0,0.0,1.0,0.0,-6.180418833255269,-6.339669116297847,CONTROL,0,0
ALDH4A1,1,1,100.0,0.0,1.0,0.0,-4.536048748945288,-4.413925695779604,CONTROL,0,0
ALKBH6,2,2,100.0,0.0,0.5,0.0,-5.686359438283965,-5.619033764029001,CONTROL,0,0
AMFR,1,1,100.0,0.0,1.0,0.0,-5.505371422082589,-5.516228541994764,CONTROL,0,0
ANAPC2,1,0,100.0,0.0,1.0,0.0,-5.709528381517055,-5.7525815740707404,CONTROL,0,0
ANGPTL8,1,1,100.0,0.0,0.0,0.0,-7.0,-7.0,CONTROL,0,0
ANKDD1A,1,0,100.0,0.0,1.0,0.0,-5.620926142037387,-5.773742075656144,CONTROL,0,0
ANKRD27,1,1,100.0,0.0,0.0,0.0,-7.0,-7.0,CONTROL,0,0
ANO3,4,4,100.0,0.0,0.25,0.0,-4.527791650091624,-4.5610845501132244,CONTROL,0,0
AP1M2,2,1,100.0,0.0,0.0,0.0,-4.559698406359323,-4.45252004517025,CONTROL,0,0
AP2A2,1,1,100.0,0.0,0.0,0.0,-4.995742755515849,-5.1838028329458234,CONTROL,0,0
APH1B,1,1,100.0,0.0,1.0,0.0,-5.529201096066198,-5.200310714306978,CONTROL,0,0
ARAF,1,0,100.0,0.0,0.0,0.0,-6.143248431212567,-5.901181267091534,CONTROL,0,0
ARL14EP,3,3,100.0,0.0,0.3333333333333333,0.0,-5.736060908294664,-5.678925617621818,CONTROL,0,0
ARL2BP,1,1,100.0,0.0,0.0,0.0,-5.837749032701935,-5.853499183097756,CONTROL,0,0
ATOH8,1,1,100.0,0.0,0.0,0.0,-7.0,-7.0,CONTROL,0,0
ATP13A1,1,1,100.0,0.0,1.0,0.0,-7.0,-7.0,CONTROL,0,0
ATP5PO,7,6,100.0,0.0,0.5714285714285714,0.0,-5.969354077070003,-5.8993162096722,CONTROL,0,0
AUP1,1,0,100.0,0.0,0.0,0.0,-4.564505604121555,-4.625204057290202,CONTROL,0,0
BEAN1,1,1,100.0,0.0,1.0,0.0,-5.466062114865037,-5.517657072533254,CONTROL,0,0
BLOC1S5,3,2,100.0,0.0,0.3333333333333333,0.0,-5.238723585056305,-5.319084919624966,CONTROL,0,0
BMP6,1,1,100.0,0.0,1.0,0.0,-7.0,-7.0,CONTROL,0,0
C1R,1,1,100.0,0.0,1.0,0.0,-5.6484226471592,-5.548148790698541,CONTROL,0,0
C2CD2,1,1,100.0,0.0,1.0,0.0,-4.752813409874907,-4.779300053825583,CONTROL,0,0
C6orf52,1,1,100.0,0.0,0.0,0.0,-5.339388697844832,-5.182559244845562,CONTROL,0,0
CANX,1,1,100.0,0.0,0.0,0.0,-6.784369408309174,-6.606391643478549,CONTROL,0,0
CASP9,2,2,100.0,0.0,1.0,0.0,-6.87204296791192,-6.892559549084597,CONTROL,0,0
CASZ1,1,0,100.0,0.0,0.0,0.0,-6.853782760791481,-6.759808655677757,CONTROL,0,0
CCL17,1,1,100.0,0.0,1.0,0.0,-3.5392821679613826,-3.71319477433674,CONTROL,0,0
CDKN1B,1,1,100.0,0.0,1.0,0.0,-7.0,-7.0,CONTROL,0,0
CDKN2D,1,1,100.0,0.0,1.0,0.0,-6.160523421161314,-6.063256285984628,CONTROL,0,0
CELF2,1,1,100.0,0.0,1.0,0.0,-5.91451621746765,-5.90930590221123,CONTROL,0,0
CEP152,1,1,100.0,0.0,0.0,0.0,-7.0,-7.0,CONTROL,0,0
CEP55,1,1,100.0,0.0,0.0,0.0,-5.377444843049228,-5.527159434196341,CONTROL,0,0
CFAP298,3,3,100.0,0.0,1.0,0.0,-6.584382833347649,-6.54156991349753,CONTROL,0,0
CFAP74,2,2,100.0,0.0,0.0,0.0,-5.911732562545073,-6.01611607510877,CONTROL,0,0
CLEC1B,1,1,100.0,0.0,1.0,0.0,-7.0,-7.0,CONTROL,0,0
CLIC6,1,1,100.0,0.0,1.0,0.0,-4.1826160820601785,-4.322019510985858,CONTROL,0,0
COL4A5,2,2,100.0,0.0,1.0,0.0,-5.835526941116967,-5.887770006193447,CONTROL,0,0
COQ8B,1,1,100.0,0.0,1.0,0.0,-6.217263905844347,-6.383199011336547,CONTROL,0,0
COX7A2,1,1,100.0,0.0,1.0,0.0,-7.0,-7.0,CONTROL,0,0
CRYZL1,3,3,100.0,0.0,1.0,0.0,-4.350435525776767,-4.327389809686958,CONTROL,0,0
CT45A9,1,1,100.0,0.0,0.0,0.0,-6.903667306050528,-7.0,CONTROL,0,0
CTNNBIP1,1,1,100.0,0.0,1.0,0.0,-4.041020183168161,-4.009504241102731,CONTROL,0,0
CYLD-AS1,1,1,100.0,0.0,1.0,0.0,-5.221776059837377,-4.908944581572859,CONTROL,0,0
DIP2C,2,1,100.0,0.0,0.0,0.0,-4.440769463797981,-4.48090862571175,CONTROL,0,0
DLG3,2,2,100.0,0.0,1.0,0.0,-4.360919337266905,-4.310541799580417,CONTROL,0,0
DNMT3L,1,1,100.0,0.0,0.0,0.0,-6.20711108129321,-6.309163828162401,CONTROL,0,0
DPH7,1,1,100.0,0.0,0.0,0.0,-6.032851540860184,-6.151040482392348,CONTROL,0,0
DSCR4,1,1,100.0,0.0,0.0,0.0,-7.0,-7.0,CONTROL,0,0
EBP,11,11,100.0,72.72727272727273,0.5454545454545454,27.27272727272727,-6.246892037547272,-6.262387425481364,CONTROL,0,0
EFHD2,2,2,100.0,0.0,0.0,0.0,-6.008667486979347,-5.962599592438092,CONTROL,0,0
FAM3A,1,1,100.0,0.0,1.0,0.0,-3.974696707925777,-3.9554443966974615,CONTROL,0,0
FBL,1,1,100.0,0.0,1.0,0.0,-5.614170267760481,-5.704520417744913,CONTROL,0,0
FBP2,1,1,100.0,0.0,0.0,0.0,-4.404126545023174,-4.3020773934289185,CONTROL,0,0
FFAR1,1,1,100.0,0.0,0.0,0.0,-7.0,-7.0,CONTROL,0,0
GAB2,1,1,100.0,0.0,0.0,0.0,-7.0,-7.0,CONTROL,0,0
GAGE12G,1,1,100.0,0.0,1.0,0.0,-7.0,-7.0,CONTROL,0,0
GATA1,1,1,100.0,0.0,0.0,0.0,-6.041294489138429,-6.103373998287143,CONTROL,0,0
GBGT1,1,1,100.0,0.0,1.0,0.0,-5.227206613714021,-5.102205424009605,CONTROL,0,0
GDI2,1,1,100.0,0.0,1.0,0.0,-7.0,-7.0,CONTROL,0,0
GLRA2,1,1,100.0,0.0,0.0,0.0,-4.947056810801895,-4.909447045487561,CONTROL,0,0
GMPR,1,0,100.0,0.0,1.0,0.0,-6.23238274559508,-6.0701704165682635,CONTROL,0,0
GPR19,1,1,100.0,0.0,1.0,0.0,-6.418033082172275,-6.264755072423449,CONTROL,0,0
GYPC,1,1,100.0,0.0,0.0,0.0,-5.089848432286406,-4.874321476520924,CONTROL,0,0
HSD17B10,1,1,100.0,0.0,0.0,0.0,-6.46708587279954,-6.565225774810231,CONTROL,0,0
IDI2,1,1,100.0,0.0,0.0,0.0,-7.0,-7.0,CONTROL,0,0
IFNA13,1,1,100.0,0.0,0.0,0.0,-4.676705005644669,-4.569707165845506,CONTROL,0,0
IL1R1,2,2,100.0,0.0,0.0,0.0,-5.548636037272705,-5.520800184071829,CONTROL,0,0
IL1RAPL1,1,1,100.0,0.0,0.0,0.0,-5.443754662426821,-5.514990876412004,CONTROL,0,0
IL2RA,1,1,100.0,0.0,1.0,0.0,-7.0,-7.0,CONTROL,0,0
IWS1,1,1,100.0,0.0,0.0,0.0,-3.804636505820151,-3.9226430516637296,CONTROL,0,0
KIF17,2,2,100.0,0.0,1.0,0.0,-5.579396512339377,-5.64732073420599,CONTROL,0,0
KLHL13,1,1,100.0,0.0,0.0,0.0,-4.5614041968248875,-4.487909701299263,CONTROL,0,0
KLRC4,1,1,100.0,0.0,1.0,0.0,-5.54468640144019,-5.649615109495389,CONTROL,0,0
KRTAP13-3,1,1,100.0,0.0,0.0,0.0,-4.9869570766341855,-4.8681601710364255,CONTROL,0,0
KRTAP22-2,1,1,100.0,0.0,1.0,0.0,-4.724234614717275,-4.921270099072439,CONTROL,0,0
LINC00323,1,1,100.0,0.0,1.0,0.0,-5.5789266757745555,-5.4900740818919065,CONTROL,0,0
LNCEGFL7OS,1,1,100.0,0.0,0.0,0.0,-6.635444194337123,-6.367109769503173,CONTROL,0,0
LOC100506403,1,1,100.0,0.0,0.0,0.0,-6.160331262800116,-6.395387425354228,CONTROL,0,0
LOC105369308,1,1,100.0,0.0,0.0,0.0,-7.0,-7.0,CONTROL,0,0
LOC110120574,1,1,100.0,0.0,1.0,0.0,-3.027843257372022,-3.001066517588239,CONTROL,0,0
LOC110120767,1,1,100.0,0.0,0.0,0.0,-7.0,-7.0,CONTROL,0,0
LOC112694733,1,1,100.0,0.0,0.0,0.0,-5.456359867534262,-5.338893401000786,CONTROL,0,0
LOC113875040,2,2,100.0,0.0,1.0,0.0,-6.688888653217905,-6.6737123572937875,CONTROL,0,0
LOC121627969,1,1,100.0,0.0,0.0,0.0,-7.0,-7.0,CONTROL,0,0
LOC124310616,1,1,100.0,0.0,0.0,0.0,-3.336525146299948,-3.5664998504605254,CONTROL,0,0
LOC124629327,1,1,100.0,0.0,1.0,0.0,-3.291651735660135,-3.3054092675242552,CONTROL,0,0
LOC124849277,1,1,100.0,0.0,0.0,0.0,-5.401112784144816,-5.33332609560283,CONTROL,0,0
LOC125467762,2,2,100.0,0.0,1.0,0.0,-5.52395737148613,-5.535673180139982,CONTROL,0,0
LOC126653322,1,1,100.0,0.0,1.0,0.0,-5.203416162849197,-5.346038454096115,CONTROL,0,0
LOC126653353,1,1,100.0,0.0,0.0,0.0,-7.0,-7.0,CONTROL,0,0
LOC126805638,1,1,100.0,0.0,0.0,0.0,-6.168149191516736,-6.2430520719531195,CONTROL,0,0
LOC126860732,1,1,100.0,0.0,0.0,0.0,-6.562700275527899,-6.562297332546387,CONTROL,0,0
LOC126860815,1,1,100.0,0.0,0.0,0.0,-4.13137657730149,-4.071878323697821,CONTROL,0,0
LOC126863228,1,1,100.0,0.0,0.0,0.0,-7.0,-7.0,CONTROL,0,0
LOC126863271,1,1,100.0,0.0,0.0,0.0,-6.109136088857563,-6.029549915334454,CONTROL,0,0
LOC126863290,1,1,100.0,0.0,1.0,0.0,-5.80266104367555,-5.65153148790316,CONTROL,0,0
LOC129929051,1,1,100.0,0.0,1.0,0.0,-3.967186867676955,-4.089025361450467,CONTROL,0,0
LOC129929295,1,1,100.0,0.0,1.0,0.0,-7.0,-7.0,CONTROL,0,0
LOC129929345,1,1,100.0,0.0,1.0,0.0,-7.0,-7.0,CONTROL,0,0
LOC129929367,2,0,100.0,0.0,1.0,0.0,-6.470770965307432,-6.428479134138941,CONTROL,0,0
LOC129929410,2,2,100.0,0.0,0.0,0.0,-4.289927590731669,-4.467265535765474,CONTROL,0,0
LOC129929449,2,2,100.0,0.0,0.0,0.0,-6.852154466269755,-6.712283513590791,CONTROL,0,0
LOC129929503,1,1,100.0,0.0,0.0,0.0,-7.0,-7.0,CONTROL,0,0
LOC129929512,2,2,100.0,0.0,1.0,0.0,-5.70165676000067,-5.812155914080078,CONTROL,0,0
LOC129995141,1,1,100.0,0.0,1.0,0.0,-7.0,-7.0,CONTROL,0,0
LOC129995157,1,1,100.0,0.0,0.0,0.0,-3.87288194784041,-4.127767618779434,CONTROL,0,0
LOC129995549,1,1,100.0,0.0,0.0,0.0,-5.518166881405454,-5.3088074915564425,CONTROL,0,0
LOC129995740,1,1,100.0,0.0,1.0,0.0,-2.5618119328442406,-2.6328564825768654,CONTROL,0,0
LOC129995779,1,1,100.0,0.0,0.0,0.0,-5.279854809648725,-5.135871739424743,CONTROL,0,0
LOC129996048,2,2,100.0,0.0,0.0,0.0,-5.4778060821343475,-5.5039838960868765,CONTROL,0,0
LOC130002668,1,1,100.0,0.0,0.0,0.0,-6.805512437582972,-6.886557452119205,CONTROL,0,0
LOC130002822,1,1,100.0,0.0,1.0,0.0,-5.54917413002709,-5.538858099160406,CONTROL,0,0
LOC130003134,1,1,100.0,0.0,0.0,0.0,-7.0,-7.0,CONTROL,0,0
LOC130003236,1,1,100.0,0.0,1.0,0.0,-5.36925614098175,-5.329486321097627,CONTROL,0,0
LOC130003296,1,1,100.0,0.0,0.0,0.0,-6.3363384996646275,-6.418152555095797,CONTROL,0,0
LOC130003388,1,1,100.0,0.0,0.0,0.0,-4.670776414362888,-4.6655140516079,CONTROL,0,0
LOC130007356,1,1,100.0,0.0,0.0,0.0,-3.9877650893344807,-4.3592390230346245,CONTROL,0,0
LOC130007524,1,1,100.0,0.0,1.0,0.0,-7.0,-7.0,CONTROL,0,0
LOC130057872,1,1,100.0,0.0,0.0,0.0,-4.438958140816419,-4.292134943515437,CONTROL,0,0
LOC130059558,1,1,100.0,0.0,0.0,0.0,-4.7537216100646065,-4.768289056367803,CONTROL,0,0
LOC130063493,1,1,100.0,0.0,0.0,0.0,-5.318728840485945,-5.428487716454656,CONTROL,0,0
LOC130064108,1,1,100.0,0.0,0.0,0.0,-7.0,-7.0,CONTROL,0,0
LOC130066568,1,1,100.0,0.0,0.0,0.0,-5.007516515255378,-5.26947141123026,CONTROL,0,0
LOC130066578,1,1,100.0,0.0,0.0,0.0,-3.857580754071745,-3.694073346795597,CONTROL,0,0
LOC130066601,1,1,100.0,0.0,0.0,0.0,-7.0,-7.0,CONTROL,0,0
LOC130066619,1,1,100.0,0.0,0.0,0.0,-7.0,-7.0,CONTROL,0,0
LOC130066825,1,1,100.0,0.0,1.0,0.0,-4.5083536217391975,-4.369017627754442,CONTROL,0,0
LOC130066854,1,1,100.0,0.0,0.0,0.0,-7.0,-7.0,CONTROL,0,0
LOC130066861,2,2,100.0,0.0,0.0,0.0,-6.570716013918032,-6.399980944361117,CONTROL,0,0
LOC130067893,1,1,100.0,0.0,0.0,0.0,-7.0,-7.0,CONTROL,0,0
LOC130068034,1,1,100.0,0.0,1.0,0.0,-5.486164276777606,-5.411202936725706,CONTROL,0,0
LOC130068095,1,1,100.0,0.0,0.0,0.0,-6.3784004773393015,-6.327838870586897,CONTROL,0,0
LOC130068196,1,1,100.0,0.0,0.0,0.0,-4.182941322032636,-4.458759371140511,CONTROL,0,0
LOC130068198,1,1,100.0,0.0,0.0,0.0,-6.26608045614693,-6.327573875769089,CONTROL,0,0
LOC130068510,2,2,100.0,0.0,1.0,0.0,-4.431374715249724,-4.347903112645765,CONTROL,0,0
LOC130068592,2,2,100.0,0.0,0.0,0.0,-7.0,-7.0,CONTROL,0,0
LOC130068628,1,1,100.0,0.0,0.0,0.0,-7.0,-7.0,CONTROL,0,0
LOC130068795,1,1,100.0,0.0,1.0,0.0,-5.852217318897456,-5.884071030363997,CONTROL,0,0
LOC130068880,1,1,100.0,0.0,1.0,0.0,-3.837293983996793,-3.878449597199777,CONTROL,0,0
LOC130068895,1,1,100.0,0.0,1.0,0.0,-7.0,-7.0,CONTROL,0,0
LOC132089640,1,1,100.0,0.0,0.0,0.0,-4.857525553427381,-4.833092611399721,CONTROL,0,0
LOC132089916,1,1,100.0,0.0,0.0,0.0,-4.766784162378406,-4.792941493866982,CONTROL,0,0
LOC132090103,1,1,100.0,0.0,1.0,0.0,-7.0,-7.0,CONTROL,0,0
LOC132090752,1,0,100.0,0.0,0.0,0.0,-4.768962474614464,-4.858951051967556,CONTROL,0,0
LRRTM1,1,1,100.0,0.0,0.0,0.0,-5.485183990069495,-5.34533507177268,CONTROL,0,0
MED27,1,1,100.0,0.0,1.0,0.0,-6.782556693005287,-7.0,CONTROL,0,0
MIR126,1,1,100.0,0.0,0.0,0.0,-7.0,-7.0,CONTROL,0,0
MIR181C,1,1,100.0,0.0,1.0,0.0,-5.76216392012514,-5.652088131002843,CONTROL,0,0
MMP2,1,1,100.0,0.0,0.0,0.0,-6.460613176412826,-6.703716341675532,CONTROL,0,0
NCAPD2,1,1,100.0,0.0,0.0,0.0,-6.820641659529807,-6.813760845093682,CONTROL,0,0
NINJ2-AS1,1,1,100.0,0.0,0.0,0.0,-4.489629149809668,-4.863013387761998,CONTROL,0,0
PEAK1,1,0,100.0,0.0,1.0,0.0,-7.0,-7.0,CONTROL,0,0
PGBD2,2,2,100.0,0.0,0.0,0.0,-6.228546336916154,-6.244140154263691,CONTROL,0,0
PITRM1,1,1,100.0,0.0,1.0,0.0,-6.015634034080327,-6.033989267457198,CONTROL,0,0
PKN1,2,2,100.0,0.0,0.0,0.0,-6.538012585238334,-6.441697730969941,CONTROL,0,0
PLBD1,1,0,100.0,0.0,0.0,0.0,-4.2144995035155866,-4.23654556020732,CONTROL,0,0
PLEKHO2,1,1,100.0,0.0,0.0,0.0,-7.0,-7.0,CONTROL,0,0
PPAN,1,1,100.0,0.0,0.0,0.0,-7.0,-6.831749821180548,CONTROL,0,0
PPIB,18,8,100.0,55.55555555555556,1.0,33.33333333333333,-6.180131452106841,-6.1462305818218805,CONTROL,0,0
PRAMEF17,2,2,100.0,0.0,1.0,0.0,-4.269232807224129,-4.2402054276456305,CONTROL,0,0
PRDM12,1,1,100.0,0.0,1.0,0.0,-5.84026967795417,-5.812974758643822,CONTROL,0,0
PTBP2,2,2,100.0,0.0,0.0,0.0,-5.230670707529421,-5.206916113629726,CONTROL,0,0
RSC1A1,1,1,100.0,0.0,1.0,0.0,-6.749913545369528,-6.800034380335979,CONTROL,0,0
SINHCAF,1,1,100.0,0.0,0.0,0.0,-7.0,-7.0,CONTROL,0,0
SNORA70,1,1,100.0,0.0,1.0,0.0,-7.0,-7.0,CONTROL,0,0
SNRNP25,1,1,100.0,0.0,0.0,0.0,-6.05326765868676,-6.009279508385893,CONTROL,0,0
SNX22,3,3,100.0,66.66666666666666,2.0,33.33333333333333,-6.388674725038775,-6.454794055339412,CONTROL,0,0
SRD5A2,2,2,100.0,0.0,0.0,0.0,-6.349788109256703,-6.399215140072496,CONTROL,0,0
TCEAL9,1,1,100.0,0.0,0.0,0.0,-5.519153090401342,-5.460715474355349,CONTROL,0,0
TERB1,1,1,100.0,0.0,0.0,0.0,-3.348835958574252,-3.3523121993333675,CONTROL,0,0
TIAL1,1,1,100.0,0.0,0.0,0.0,-6.379870404710092,-6.296450041598014,CONTROL,0,0
TMEM179B,1,1,100.0,0.0,0.0,0.0,-6.206853401514343,-6.029439486509572,CONTROL,0,0
TMPRSS4,1,1,100.0,0.0,0.0,0.0,-6.7864109533556185,-6.9191296682125065,CONTROL,0,0
TRV-CAC7-1,1,1,100.0,0.0,0.0,0.0,-5.2776222510694435,-5.176625093811941,CONTROL,0,0
TSPYL2,1,1,100.0,0.0,1.0,0.0,-7.0,-7.0,CONTROL,0,0
TUBA3E,2,0,100.0,0.0,0.5,0.0,-6.414054644180121,-6.453244334588032,CONTROL,0,0
USP26,1,1,100.0,0.0,0.0,0.0,-7.0,-7.0,CONTROL,0,0
WDR37,1,1,100.0,0.0,0.0,0.0,-7.0,-7.0,CONTROL,0,0
ZBTB32,1,1,100.0,0.0,0.0,0.0,-5.807370319697231,-5.676415781580491,CONTROL,0,0
ZFP57,2,2,100.0,0.0,0.0,0.0,-5.956447471346191,-5.900448687723776,CONTROL,0,0
ZNF740,1,1,100.0,0.0,0.0,0.0,-5.445343879087301,-5.417099701831068,CONTROL,0,0
A-GAMMA3'E,4,4,100.0,0.0,0.0,0.0,-5.392547475589403,-5.496480032018081,CONTROL,0,1
A1BG,3,3,100.0,0.0,0.3333333333333333,0.0,-6.604981170164522,-6.579946417079526,CONTROL,0,1
AAAS,1,1,100.0,0.0,0.0,0.0,-4.9867826524283725,-5.0338677710197555,CONTROL,0,1
AADAC,1,1,100.0,0.0,1.0,0.0,-7.0,-7.0,CONTROL,0,1
AAGAB,4,4,100.0,0.0,0.5,0.0,-5.4237688544424,-5.471373254102023,CONTROL,0,1
AAK1,3,2,100.0,0.0,0.3333333333333333,0.0,-5.950308822821305,-5.896246542047713,CONTROL,0,1
AAR2,3,3,100.0,0.0,0.3333333333333333,0.0,-4.736186704448049,-4.796854266519349,CONTROL,0,1
AARD,3,3,100.0,0.0,0.3333333333333333,0.0,-6.647236123603708,-6.555021485380716,CONTROL,0,1
AARS1,1,1,100.0,0.0,0.0,0.0,-7.0,-7.0,CONTROL,0,1
AARS2,1,1,100.0,0.0,0.0,0.0,-4.258158844841784,-4.185737227949996,CONTROL,0,1
AASS,2,2,100.0,0.0,0.0,0.0,-6.356700463949238,-6.501167210963319,CONTROL,0,1
ABAT,6,6,100.0,0.0,0.16666666666666666,0.0,-5.4669169748236826,-5.4899753060841405,CONTROL,0,1
ABCA3,5,5,100.0,0.0,0.4,0.0,-6.418971217835667,-6.360952321760159,CONTROL,0,1
ABCB8,28,26,100.0,0.0,0.5,0.0,-5.728600164864355,-5.721422068928761,CONTROL,0,1
ABCC5,6,5,100.0,0.0,0.3333333333333333,0.0,-5.1081531979613874,-5.133444870431245,CONTROL,0,1
ABCC8,4,4,100.0,0.0,0.0,0.0,-5.724849038810789,-5.697600032616496,CONTROL,0,1
ABHD17C,3,2,100.0,0.0,0.6666666666666666,0.0,-5.099014117199747,-5.174638329662406,CONTROL,0,1
ABHD4,11,11,100.0,0.0,0.6363636363636364,0.0,-5.360548917748987,-5.4253585130848885,CONTROL,0,1
ABHD6,2,2,100.0,0.0,0.5,0.0,-6.575909357558167,-6.6500605021839245,CONTROL,0,1
ABL2,1,1,100.0,0.0,0.0,0.0,-5.912700241699958,-5.992751417501972,CONTROL,0,1
ACAP2,5,5,100.0,0.0,0.2,0.0,-5.499713703000124,-5.509648611123912,CONTROL,0,1
ACER1,2,2,100.0,0.0,0.5,0.0,-5.072413023526124,-5.17200682761067,CONTROL,0,1
ACOT8,1,0,100.0,0.0,0.0,0.0,-7.0,-7.0,CONTROL,0,1
ACP1,1,1,100.0,0.0,0.0,0.0,-5.05110021385247,-5.312983385361834,CONTROL,0,1
ACP5,3,2,100.0,0.0,0.3333333333333333,0.0,-5.627808221704886,-5.619491879915095,CONTROL,0,1
ACP6,2,2,100.0,0.0,1.0,0.0,-5.329112114389973,-5.274071736240792,CONTROL,0,1
ACSM2A,1,1,100.0,100.0,0.0,0.0,-6.969789492635149,-6.949800499050843,CONTROL,0,1
ACTG2,3,2,100.0,0.0,1.0,0.0,-6.095114805635151,-6.114690873092322,CONTROL,0,1
ACTN3,2,1,100.0,0.0,0.5,0.0,-6.01150899523801,-6.021024356499762,CONTROL,0,1
ACTR3C,2,2,100.0,0.0,1.0,0.0,-5.607109103382816,-5.738301000102524,CONTROL,0,1
ACTRT3,1,1,100.0,0.0,0.0,0.0,-5.207864302803396,-5.214493328388438,CONTROL,0,1
ADAM18,10,10,100.0,0.0,0.5,0.0,-5.650726637467003,-5.6862225374397815,CONTROL,0,1
ADAM28,27,24,100.0,0.0,0.4444444444444444,0.0,-5.719975261972322,-5.7215503636961715,CONTROL,0,1
ADAMDEC1,1,1,100.0,0.0,1.0,0.0,-5.231221358016509,-5.27460776397382,CONTROL,0,1
ADAMTS9,2,2,100.0,0.0,0.5,0.0,-6.134991631122521,-6.164914637580577,CONTROL,0,1
ADCY9,5,5,100.0,0.0,0.4,0.0,-5.7861818073486,-5.74690001425107,CONTROL,0,1
ADGRB1,1,1,100.0,0.0,1.0,0.0,-6.576912977396141,-6.653997737518482,CONTROL,0,1
ADGRE1,1,1,100.0,0.0,1.0,0.0,-6.04139437424707,-6.145598723543929,CONTROL,0,1
ADPGK,15,13,100.0,0.0,0.4666666666666667,0.0,-6.159425377131047,-6.155591202665178,CONTROL,0,1
AGAP2,5,3,100.0,0.0,0.6,0.0,-5.2998351664457335,-5.26370974175355,CONTROL,0,1
AGPAT5,8,8,100.0,0.0,0.375,0.0,-5.759569940589744,-5.724109104656028,CONTROL,0,1
AKAP3,1,1,100.0,0.0,1.0,0.0,-4.6996468464298635,-4.611779761329435,CONTROL,0,1
AKAP6,4,4,100.0,0.0,0.75,0.0,-5.899150059423205,-5.928083240337922,CONTROL,0,1
AKIP1,1,1,100.0,0.0,0.0,0.0,-7.0,-7.0,CONTROL,0,1
AKR1D1,1,1,100.0,0.0,1.0,0.0,-4.121765239996969,-3.909102707281512,CONTROL,0,1
ANG,1,1,100.0,0.0,1.0,0.0,-4.214616143475711,-4.3181018104617115,CONTROL,0,1
ANGPT1,1,1,100.0,0.0,0.0,0.0,-5.830249522329401,-5.716977203613703,CONTROL,0,1
ANGPTL8,2,2,100.0,0.0,0.0,0.0,-5.687517251084808,-5.607491378786686,CONTROL,0,1
ANO9,3,3,100.0,0.0,0.6666666666666666,0.0,-6.4193372691103825,-6.310844246769491,CONTROL,0,1
AP1M2,1,1,100.0,0.0,0.0,0.0,-7.0,-7.0,CONTROL,0,1
AP2A2,1,1,100.0,0.0,0.0,0.0,-6.728153704431497,-6.769360851670473,CONTROL,0,1
AP5B1,1,1,100.0,0.0,1.0,0.0,-7.0,-7.0,CONTROL,0,1
ARFIP2,1,1,100.0,0.0,1.0,0.0,-7.0,-7.0,CONTROL,0,1
ARHGDIG,1,1,100.0,0.0,1.0,0.0,-4.297127638773283,-4.4534242666752055,CONTROL,0,1
ARID3B,3,2,100.0,0.0,0.6666666666666666,0.0,-5.829554069584397,-5.883103177798386,CONTROL,0,1
ASAH1,3,2,100.0,0.0,0.3333333333333333,0.0,-5.32787772421844,-5.2477034032423955,CONTROL,0,1
ASAH1-AS1,1,1,100.0,0.0,0.0,0.0,-7.0,-7.0,CONTROL,0,1
ATOH8,1,1,100.0,0.0,0.0,0.0,-7.0,-7.0,CONTROL,0,1
ATP13A3,1,1,100.0,0.0,0.0,0.0,-7.0,-7.0,CONTROL,0,1
ATP13A4,1,1,100.0,0.0,1.0,0.0,-7.0,-7.0,CONTROL,0,1
AUP1,1,0,100.0,0.0,0.0,0.0,-7.0,-7.0,CONTROL,0,1
BAZ1A,2,2,100.0,0.0,0.5,0.0,-5.593460302851398,-5.605876485703737,CONTROL,0,1
BBOF1,1,1,100.0,0.0,0.0,0.0,-5.250486850621267,-5.428583090722173,CONTROL,0,1
BBS4,1,1,100.0,0.0,0.0,0.0,-7.0,-7.0,CONTROL,0,1
BDH1,33,31,100.0,0.0,0.3939393939393939,0.0,-5.706504543494109,-5.70540836248503,CONTROL,0,1
BLK,2,2,100.0,0.0,1.0,0.0,-4.080790333960204,-4.178511566685855,CONTROL,0,1
BRMS1L,3,3,100.0,0.0,0.3333333333333333,0.0,-6.351161077762893,-6.348557791153442,CONTROL,0,1
C15orf40,1,1,100.0,0.0,1.0,0.0,-7.0,-7.0,CONTROL,0,1
C16orf96,1,1,100.0,0.0,0.0,0.0,-4.469250583647431,-4.449344821958307,CONTROL,0,1
C19orf38,1,1,100.0,0.0,1.0,0.0,-6.096094037951075,-5.96989364839939,CONTROL,0,1
C2CD4D,1,1,100.0,0.0,1.0,0.0,-7.0,-7.0,CONTROL,0,1
C8orf48,1,1,100.0,0.0,0.0,0.0,-4.0028038312348535,-4.052895545178789,CONTROL,0,1
CADPS,1,0,100.0,0.0,0.0,0.0,-5.723447275939368,-5.918246546945647,CONTROL,0,1
CCDC33,1,1,100.0,0.0,0.0,0.0,-5.639065148484285,-5.912971037705254,CONTROL,0,1
CCNB1IP1,1,1,100.0,0.0,1.0,0.0,-4.341157843001275,-4.4093173756978,CONTROL,0,1
CDKN2D,1,1,100.0,0.0,1.0,0.0,-6.518704103427315,-6.721739784861462,CONTROL,0,1
CEP152,1,1,100.0,0.0,0.0,0.0,-5.793799075309997,-5.715726699289546,CONTROL,0,1
CEP19,6,6,100.0,0.0,0.5,0.0,-5.845897095756698,-5.883188750818192,CONTROL,0,1
CHPF2,1,1,100.0,0.0,1.0,0.0,-7.0,-7.0,CONTROL,0,1
CLCN2,1,1,100.0,0.0,1.0,0.0,-7.0,-7.0,CONTROL,0,1
CLEC14A,4,3,100.0,0.0,0.5,0.0,-5.204693090083182,-5.242115542778153,CONTROL,0,1
CMTM5,2,2,100.0,0.0,1.0,0.0,-4.38237096819031,-4.375100831654336,CONTROL,0,1
CREB3L2,1,1,100.0,0.0,1.0,0.0,-5.447047475289956,-5.3855759048005485,CONTROL,0,1
CRYGN,1,1,100.0,0.0,1.0,0.0,-5.0533203719493285,-5.102150339342767,CONTROL,0,1
CTAGE4,1,1,100.0,0.0,0.0,0.0,-7.0,-7.0,CONTROL,0,1
CYP1A2,1,1,100.0,0.0,1.0,0.0,-7.0,-7.0,CONTROL,0,1
DAD1,1,1,100.0,0.0,0.0,0.0,-5.6063579974297975,-5.5172055976671,CONTROL,0,1
DEFB4A,1,1,100.0,0.0,0.0,0.0,-5.376320728804881,-5.546300896215508,CONTROL,0,1
DLG1,3,3,100.0,0.0,1.0,0.0,-6.162078484191704,-6.206094254859873,CONTROL,0,1
DMTN,1,1,100.0,0.0,1.0,0.0,-4.515159335002266,-4.425551029204229,CONTROL,0,1
DNAJA3,1,1,100.0,0.0,0.0,0.0,-4.434006564034304,-4.434179857698504,CONTROL,0,1
DRC9,1,1,100.0,0.0,1.0,0.0,-4.664727592091353,-4.727862267762553,CONTROL,0,1
DUSP26,1,1,100.0,0.0,0.0,0.0,-7.0,-7.0,CONTROL,0,1
DYNLT2B,1,1,100.0,0.0,0.0,0.0,-7.0,-7.0,CONTROL,0,1
EIF4A2,1,1,100.0,0.0,0.0,0.0,-5.884211169595362,-5.718639147932813,CONTROL,0,1
ENSA,1,1,100.0,0.0,1.0,0.0,-5.6754284485146975,-5.472850887517223,CONTROL,0,1
ETFB,1,1,100.0,0.0,1.0,0.0,-5.046955082878981,-5.52317025419559,CONTROL,0,1
EXTL3,1,1,100.0,0.0,0.0,0.0,-6.818434631164623,-6.668035461596724,CONTROL,0,1
FEZF1,1,1,100.0,0.0,0.0,0.0,-4.812408143350798,-4.93988133985992,CONTROL,0,1
FEZF2,5,2,100.0,80.0,1.0,20.0,-5.8252828077840455,-5.832906947678128,CONTROL,0,1
GAB2,2,2,100.0,0.0,0.0,0.0,-4.720313438799774,-4.743383643058357,CONTROL,0,1
HBG2,1,1,100.0,0.0,0.0,0.0,-5.8874226001195975,-6.135696597736952,CONTROL,0,1
HDGFL2,1,1,100.0,0.0,1.0,0.0,-5.406341122785041,-5.265906823981789,CONTROL,0,1
HSPBP1,1,1,100.0,0.0,1.0,0.0,-6.100704135300692,-6.164075313669403,CONTROL,0,1
IFI27L2,2,2,100.0,0.0,0.0,0.0,-4.979539843764158,-5.117795828230868,CONTROL,0,1
IFT43,2,2,100.0,0.0,0.0,0.0,-6.3961290127700625,-6.388864510932985,CONTROL,0,1
IGHMBP2,1,0,100.0,0.0,1.0,0.0,-5.40342281804916,-5.336576644427871,CONTROL,0,1
IL1R1,1,1,100.0,0.0,0.0,0.0,-7.0,-7.0,CONTROL,0,1
IL1RAP,1,1,100.0,0.0,0.0,0.0,-5.858955039349209,-5.908256475426702,CONTROL,0,1
KIAA1143,2,2,100.0,0.0,0.0,0.0,-7.0,-7.0,CONTROL,0,1
KLHL33,2,2,100.0,0.0,0.0,0.0,-5.803942468090403,-5.67991711315933,CONTROL,0,1
KRABD1-AS1,2,2,100.0,0.0,0.0,0.0,-6.184780220672248,-6.224826989279519,CONTROL,0,1
LCE2A,1,1,100.0,0.0,0.0,0.0,-5.9183702760697035,-5.892819521042861,CONTROL,0,1
LINC02209,1,1,100.0,0.0,0.0,0.0,-4.645008592777269,-4.818041290260925,CONTROL,0,1
LIPH,1,1,100.0,0.0,1.0,0.0,-5.759666497816991,-5.897887351273502,CONTROL,0,1
LOC110120767,1,1,100.0,0.0,0.0,0.0,-3.705670795941842,-3.721229526464468,CONTROL,0,1
LOC110121053,1,1,100.0,0.0,1.0,0.0,-5.184538467727585,-5.340926232399059,CONTROL,0,1
LOC110121110,1,1,100.0,0.0,0.0,0.0,-2.828114126506699,-2.8532487508484916,CONTROL,0,1
LOC111828515,1,1,100.0,0.0,0.0,0.0,-5.429157888504101,-5.278728236485307,CONTROL,0,1
LOC112268458,1,1,100.0,0.0,1.0,0.0,-4.094086612470329,-4.177659982303596,CONTROL,0,1
LOC113788270,1,1,100.0,0.0,0.0,0.0,-7.0,-7.0,CONTROL,0,1
LOC113788274,1,1,100.0,0.0,0.0,0.0,-5.125316048570844,-4.990510854413061,CONTROL,0,1
LOC115995518,1,1,100.0,0.0,0.0,0.0,-3.593717383872885,-3.669198707625771,CONTROL,0,1
LOC116186926,1,1,100.0,0.0,0.0,0.0,-7.0,-7.0,CONTROL,0,1
LOC121725167,1,1,100.0,0.0,0.0,0.0,-7.0,-7.0,CONTROL,0,1
LOC123956249,1,1,100.0,0.0,0.0,0.0,-4.490146505920958,-4.491326431516394,CONTROL,0,1
LOC123956275,1,1,100.0,0.0,0.0,0.0,-4.189617698380561,-4.302991550157814,CONTROL,0,1
LOC123956285,1,1,100.0,0.0,1.0,0.0,-4.923319652755733,-4.769537933168813,CONTROL,0,1
LOC124153122,1,1,100.0,0.0,1.0,0.0,-4.689720879698689,-4.743503106328438,CONTROL,0,1
LOC124849277,1,1,100.0,0.0,0.0,0.0,-4.339334767931584,-4.316404377302865,CONTROL,0,1
LOC126860367,1,1,100.0,0.0,0.0,0.0,-5.693619451694103,-5.890582405552514,CONTROL,0,1
LOC129389191,1,1,100.0,0.0,0.0,0.0,-3.4849404241676183,-3.339465113937625,CONTROL,0,1
LOC129389851,1,1,100.0,0.0,0.0,0.0,-5.5969799998944705,-5.600820654701751,CONTROL,0,1
LOC129389873,1,1,100.0,0.0,1.0,0.0,-5.3732685143621,-5.473968853223913,CONTROL,0,1
LOC129389925,1,1,100.0,0.0,0.0,0.0,-6.244274709874068,-6.452977784356569,CONTROL,0,1
LOC129389957,1,1,100.0,0.0,1.0,0.0,-5.478357038657825,-5.563339329092393,CONTROL,0,1
LOC129390007,1,1,100.0,0.0,0.0,0.0,-6.1594603785245905,-6.1826957918047345,CONTROL,0,1
LOC129937960,1,1,100.0,0.0,0.0,0.0,-4.309810877586566,-4.259461444070228,CONTROL,0,1
LOC129938118,1,1,100.0,0.0,1.0,0.0,-6.751377030125043,-6.858527125872787,CONTROL,0,1
LOC129938180,1,1,100.0,0.0,1.0,0.0,-7.0,-7.0,CONTROL,0,1
LOC129938226,1,1,100.0,0.0,0.0,0.0,-7.0,-7.0,CONTROL,0,1
LOC129938256,1,1,100.0,0.0,0.0,0.0,-7.0,-7.0,CONTROL,0,1
LOC129938270,1,1,100.0,0.0,1.0,0.0,-7.0,-7.0,CONTROL,0,1
LOC129938281,1,1,100.0,0.0,0.0,0.0,-7.0,-7.0,CONTROL,0,1
LOC129996048,1,1,100.0,0.0,0.0,0.0,-7.0,-7.0,CONTROL,0,1
LOC129999369,1,1,100.0,0.0,1.0,0.0,-6.471433927922433,-6.518629799057822,CONTROL,0,1
LOC129999550,1,1,100.0,0.0,0.0,0.0,-6.243663098349597,-6.332385140108434,CONTROL,0,1
LOC129999565,1,1,100.0,0.0,1.0,0.0,-7.0,-7.0,CONTROL,0,1
LOC129999570,1,1,100.0,0.0,1.0,0.0,-5.284843579108446,-5.354021432570164,CONTROL,0,1
LOC129999585,1,1,100.0,0.0,0.0,0.0,-5.591383557329899,-5.38056310322755,CONTROL,0,1
LOC129999596,1,1,100.0,0.0,0.0,0.0,-5.741253118715409,-5.938914004968749,CONTROL,0,1
LOC129999732,1,1,100.0,0.0,0.0,0.0,-5.107882084445813,-5.207175508481236,CONTROL,0,1
LOC129999740,1,1,100.0,0.0,0.0,0.0,-4.463935569600484,-4.294796033913413,CONTROL,0,1
LOC129999743,1,1,100.0,0.0,1.0,0.0,-7.0,-7.0,CONTROL,0,1
LOC129999790,1,1,100.0,0.0,0.0,0.0,-4.572232108961824,-4.59434601317348,CONTROL,0,1
LOC129999874,1,1,100.0,0.0,1.0,0.0,-5.049884159084802,-5.261076360543803,CONTROL,0,1
LOC129999986,1,1,100.0,0.0,1.0,0.0,-5.906963447401136,-5.966245783646459,CONTROL,0,1
LOC130000011,1,1,100.0,0.0,0.0,0.0,-5.097360502181988,-5.200770957923736,CONTROL,0,1
LOC130000042,1,1,100.0,0.0,1.0,0.0,-5.90372733266196,-5.868740230852568,CONTROL,0,1
LOC130000091,1,1,100.0,0.0,0.0,0.0,-4.225834719406703,-4.193030036560246,CONTROL,0,1
LOC130000120,1,1,100.0,0.0,0.0,0.0,-6.038759625490961,-5.809446436959074,CONTROL,0,1
LOC130000205,1,1,100.0,0.0,1.0,0.0,-7.0,-7.0,CONTROL,0,1
LOC130000296,1,1,100.0,0.0,0.0,0.0,-6.076050460760608,-6.142502490186083,CONTROL,0,1
LOC130000316,1,1,100.0,0.0,0.0,0.0,-4.800433385148456,-4.861476071130259,CONTROL,0,1
LOC130000833,1,1,100.0,0.0,0.0,0.0,-4.8641096002670645,-4.809095672654603,CONTROL,0,1
LOC130000876,1,1,100.0,0.0,0.0,0.0,-4.018683484941258,-3.9589349725399248,CONTROL,0,1
LOC130055255,1,0,100.0,0.0,0.0,0.0,-4.971595865409685,-5.23515305120716,CONTROL,0,1
LOC130055288,2,2,100.0,0.0,0.0,0.0,-3.644244102162305,-3.7167118429106143,CONTROL,0,1
LOC130055433,2,2,100.0,0.0,0.0,0.0,-4.605063608993547,-4.56195718479845,CONTROL,0,1
LOC130055506,1,1,100.0,0.0,1.0,0.0,-7.0,-7.0,CONTROL,0,1
LOC130057578,1,1,100.0,0.0,0.0,0.0,-7.0,-7.0,CONTROL,0,1
LOC130057593,1,1,100.0,0.0,1.0,0.0,-5.910022641664392,-5.871281071105421,CONTROL,0,1
LOC130057872,1,1,100.0,0.0,0.0,0.0,-4.51058734301723,-4.700827903486737,CONTROL,0,1
LOC130058255,1,1,100.0,0.0,1.0,0.0,-6.066604953944184,-5.876947486532344,CONTROL,0,1
LOC130058425,1,1,100.0,0.0,0.0,0.0,-4.586419423785637,-4.703258785844706,CONTROL,0,1
LOC130065903,1,1,100.0,0.0,0.0,0.0,-7.0,-7.0,CONTROL,0,1
LOC132088909,1,1,100.0,0.0,0.0,0.0,-5.622902295955886,-5.938688321712665,CONTROL,0,1
LPL,1,1,100.0,0.0,1.0,0.0,-7.0,-7.0,CONTROL,0,1
LRRC61,1,1,100.0,0.0,1.0,0.0,-6.07421862020689,-6.351140450945457,CONTROL,0,1
LRRTM1,1,1,100.0,0.0,0.0,0.0,-7.0,-7.0,CONTROL,0,1
LZTS1,1,1,100.0,0.0,0.0,0.0,-4.854900223799168,-4.920611261642002,CONTROL,0,1
MELTF,1,1,100.0,0.0,0.0,0.0,-4.3219317597187334,-4.226312116723,CONTROL,0,1
MIA2,1,1,100.0,0.0,1.0,0.0,-7.0,-7.0,CONTROL,0,1
MIR181C,1,1,100.0,0.0,1.0,0.0,-6.113511491912041,-6.231419576349963,CONTROL,0,1
MIR4659A,1,1,100.0,0.0,0.0,0.0,-5.7668405418206365,-5.775457754567437,CONTROL,0,1
MRPS33,1,1,100.0,0.0,1.0,0.0,-6.482338520953727,-6.39060885170816,CONTROL,0,1
NLRC3,1,1,100.0,0.0,1.0,0.0,-5.325182650085445,-5.120801679721183,CONTROL,0,1
NOVA1,2,2,100.0,0.0,1.0,0.0,-7.0,-7.0,CONTROL,0,1
NRROS,1,1,100.0,0.0,1.0,0.0,-7.0,-7.0,CONTROL,0,1
PDPK1,1,1,100.0,0.0,0.0,0.0,-7.0,-7.0,CONTROL,0,1
PEAK1,1,0,100.0,0.0,1.0,0.0,-5.531190836306038,-5.497951271492599,CONTROL,0,1
PGBD2,1,1,100.0,0.0,0.0,0.0,-5.667816884344765,-5.588820255484732,CONTROL,0,1
PIGZ,1,1,100.0,0.0,0.0,0.0,-6.254654966888993,-6.21527264214353,CONTROL,0,1
PKN1,2,2,100.0,0.0,0.0,0.0,-6.145984001559113,-6.122919804518267,CONTROL,0,1
PLEKHO2,1,1,100.0,0.0,0.0,0.0,-7.0,-7.0,CONTROL,0,1
POLM,1,1,100.0,0.0,0.0,0.0,-5.229805878720686,-5.331171371974389,CONTROL,0,1
PPAN,1,1,100.0,0.0,0.0,0.0,-5.2637199060469495,-5.31764204680513,CONTROL,0,1
PRKAG2,1,1,100.0,0.0,0.0,0.0,-4.618920673747009,-4.639163963172978,CONTROL,0,1
PTBP2,1,1,100.0,0.0,0.0,0.0,-4.749324845498051,-4.485453918671024,CONTROL,0,1
PTGES3,1,0,100.0,0.0,1.0,0.0,-7.0,-7.0,CONTROL,0,1
PTX4,1,1,100.0,0.0,0.0,0.0,-6.027226110604628,-6.274123421722069,CONTROL,0,1
PXK,1,1,100.0,0.0,0.0,0.0,-7.0,-7.0,CONTROL,0,1
RBM33-DT,1,1,100.0,0.0,0.0,0.0,-5.223287875305542,-5.134246575596147,CONTROL,0,1
REM2,2,2,100.0,0.0,0.0,0.0,-5.271786856810227,-5.238057305406799,CONTROL,0,1
RIMS4,1,1,100.0,0.0,1.0,0.0,-7.0,-7.0,CONTROL,0,1
SCAMP2,1,1,100.0,0.0,0.0,0.0,-6.268211691142637,-6.242984186868323,CONTROL,0,1
SDHD,1,1,100.0,0.0,0.0,0.0,-7.0,-7.0,CONTROL,0,1
SERPINI1,1,1,100.0,0.0,1.0,0.0,-5.576470621847463,-5.428929089493094,CONTROL,0,1
SLC30A8,1,1,100.0,0.0,0.0,0.0,-5.384638423866772,-5.39313019693356,CONTROL,0,1
SLC32A1,6,3,100.0,0.0,0.5,100.0,-5.633269902733441,-5.718561170237916,CONTROL,0,1
SLC7A14,1,1,100.0,0.0,0.0,0.0,-5.832579106885591,-5.8878137170006335,CONTROL,0,1
SMOX,1,1,100.0,0.0,0.0,0.0,-5.556936711348062,-5.703788949787976,CONTROL,0,1
SNRNP25,1,1,100.0,0.0,0.0,0.0,-7.0,-7.0,CONTROL,0,1
SOX2-OT,1,1,100.0,0.0,1.0,0.0,-6.145993057943432,-6.306491172593538,CONTROL,0,1
SPRR1B,1,1,100.0,0.0,0.0,0.0,-7.0,-7.0,CONTROL,0,1
SRD5A2,1,1,100.0,0.0,0.0,0.0,-6.423559320681498,-6.6013300223597255,CONTROL,0,1
SYNPR,2,2,100.0,0.0,0.0,0.0,-7.0,-7.0,CONTROL,0,1
TBXAS1,1,1,100.0,0.0,1.0,0.0,-6.093210232782523,-6.017360658513757,CONTROL,0,1
TERB1,1,1,100.0,0.0,0.0,0.0,-6.488042262250959,-6.425948902691722,CONTROL,0,1
TMEM114,1,1,100.0,0.0,1.0,0.0,-4.8049248919389544,-4.926538803565978,CONTROL,0,1
TMEM176B,1,1,100.0,0.0,1.0,0.0,-4.465301657521968,-4.352753101171046,CONTROL,0,1
TMEM179B,2,2,100.0,0.0,0.0,0.0,-7.0,-7.0,CONTROL,0,1
TMPRSS4,1,1,100.0,0.0,0.0,0.0,-5.363424215984209,-5.372857762766675,CONTROL,0,1
TNK2-AS1,1,1,100.0,0.0,1.0,0.0,-7.0,-7.0,CONTROL,0,1
TRP-AGG2-6,1,1,100.0,0.0,0.0,0.0,-7.0,-7.0,CONTROL,0,1
TRV-CAC7-1,1,1,100.0,0.0,0.0,0.0,-6.260235216803198,-6.430480303678019,CONTROL,0,1
VPS45,1,1,100.0,0.0,1.0,0.0,-7.0,-7.0,CONTROL,0,1
WDR86,2,2,100.0,0.0,0.5,0.0,-6.358567335886258,-6.303844727598067,CONTROL,0,1
XKR4,1,1,100.0,0.0,0.0,0.0,-5.505456621813145,-5.456382657955742,CONTROL,0,1
ZDHHC19,1,1,100.0,0.0,1.0,0.0,-6.614802486747147,-6.4859573569644065,CONTROL,0,1
ZFP57,1,1,100.0,0.0,0.0,0.0,-6.418026442259571,-6.411500279722968,CONTROL,0,1
ZNF212,1,1,100.0,0.0,1.0,0.0,-5.8833763742940715,-5.9621461130751054,CONTROL,0,1
ZNF282,1,0,100.0,0.0,0.0,0.0,-7.0,-7.0,CONTROL,0,1
ZNF740,1,1,100.0,0.0,0.0,0.0,-6.2341831634568585,-6.3237533550422125,CONTROL,0,1
LMBR1L,2,0,100.0,0.0,0.0,100.0,-5.41706306691731,-5.521464480807472,CONTROL,0,10
OR4F15,1,1,100.0,0.0,0.0,0.0,-7.0,-7.0,CONTROL,0,10
TMEM129,1,1,100.0,0.0,1.0,0.0,-6.837846371815948,-6.928747395995558,CONTROL,0,10
CLDN23,3,2,100.0,0.0,0.3333333333333333,0.0,-5.387375592125376,-5.3294536880342696,CONTROL,0,11
MRPL12,1,1,100.0,0.0,0.0,100.0,-4.8854862561973045,-4.795506842505243,CONTROL,0,11
SLITRK6,10,6,100.0,80.0,1.0,10.0,-6.413015875639649,-6.454040566764976,CONTROL,0,11
CRYBA1,16,7,100.0,75.0,1.0,12.5,-6.280864671224469,-6.316594391938514,CONTROL,0,12
ESRP2,2,0,100.0,50.0,0.0,50.0,-6.307189882853778,-6.349011963039077,CONTROL,0,12
FDXR,26,11,100.0,46.15384615384615,0.9615384615384616,46.15384615384615,-6.06036452040055,-6.033213203453214,CONTROL,0,12
FZD5,8,5,100.0,62.5,0.375,12.5,-5.956398323041428,-5.881542080522566,CONTROL,0,12
LAT,13,12,100.0,69.23076923076923,0.6923076923076923,0.0,-6.21991900773122,-6.183810657396507,CONTROL,0,12
MBLAC1,1,0,100.0,100.0,0.0,0.0,-6.189843054417594,-6.0854177035280825,CONTROL,0,12
SEPTIN5,1,1,100.0,0.0,1.0,0.0,-5.384909056784296,-5.607671874002024,CONTROL,0,12
CABP4,30,24,100.0,63.33333333333333,1.2333333333333334,6.666666666666667,-6.02026037017926,-6.023545508917725,CONTROL,0,13
KRT2,11,7,100.0,0.0,0.7272727272727273,100.0,-5.832071881062219,-5.859799587518676,CONTROL,0,13
C1QC,2,2,100.0,50.0,1.5,50.0,-6.287854433672768,-6.281049526497422,CONTROL,0,14
CHRNB1,37,22,100.0,67.56756756756756,1.1081081081081081,13.513513513513514,-6.230676027494821,-6.224479051309969,CONTROL,0,14
DNAAF3,51,36,100.0,76.47058823529412,1.0784313725490196,15.686274509803921,-6.209685817703933,-6.235938879273299,CONTROL,0,14
GHSR,2,1,100.0,50.0,0.5,50.0,-4.704013427399814,-4.694950704985613,CONTROL,0,14
RAB3A,1,1,100.0,0.0,1.0,100.0,-7.0,-7.0,CONTROL,0,14
AP2M1,1,1,100.0,0.0,2.0,100.0,-5.673454256560828,-5.716882371114306,CONTROL,0,15
C20orf202,1,1,100.0,0.0,0.0,0.0,-6.33454012870393,-6.281590731532052,CONTROL,0,15
ELOVL1,1,1,100.0,0.0,0.0,0.0,-5.722530652881787,-5.728392010665401,CONTROL,0,15
IGLL5,2,0,100.0,0.0,0.5,0.0,-6.487822793463023,-6.442094429119684,CONTROL,0,15
PPP4C,1,1,100.0,0.0,0.0,0.0,-6.6399022137086865,-6.593652691190649,CONTROL,0,15
DDX41,119,75,100.0,73.94957983193278,1.2941176470588236,6.722689075630252,-5.977930268696804,-5.971681421128558,CONTROL,0,16
FOXG1,289,205,100.0,58.47750865051903,1.328719723183391,35.98615916955018,-5.875360082093723,-5.871230623823587,CONTROL,0,16
HSD3B2,83,54,100.0,68.67469879518072,1.2409638554216869,25.301204819277107,-5.981153184668702,-5.973994766299924,CONTROL,0,16
PDHB,36,21,100.0,72.22222222222221,1.0833333333333333,27.77777777777778,-5.776052518676693,-5.799209108839204,CONTROL,0,16
SLURP1,17,12,100.0,35.294117647058826,0.7058823529411765,47.05882352941176,-5.959126656145025,-5.975957195129005,CONTROL,0,16
TRMT2A,4,3,100.0,0.0,0.5,0.0,-5.498708774538479,-5.4856815562882115,CONTROL,0,16
GPR183,1,1,100.0,0.0,1.0,0.0,-7.0,-7.0,CONTROL,0,17
OR2C1,1,1,100.0,0.0,1.0,0.0,-5.931749439837591,-5.772004674934052,CONTROL,0,17
YRDC,3,3,100.0,33.33333333333333,0.0,33.33333333333333,-5.758748655186672,-5.678482813932887,CONTROL,0,17
KRT13,2,2,100.0,0.0,0.0,100.0,-5.467761895226553,-5.537267427770983,CONTROL,0,18
MZT2B,2,1,100.0,0.0,0.5,50.0,-4.622480041977452,-4.665464699681712,CONTROL,0,18
PSMB6,1,1,100.0,0.0,1.0,0.0,-5.7778205015094635,-5.798106570233862,CONTROL,0,18
CFAP68,1,1,100.0,0.0,1.0,0.0,-5.494916247632419,-5.458234475101819,CONTROL,0,19
CLDN9,3,2,100.0,33.33333333333333,0.6666666666666666,33.33333333333333,-5.0786579257782085,-5.147753186952577,CONTROL,0,19
DEFB4A,1,1,100.0,0.0,0.0,0.0,-4.841458933792543,-5.036180279363059,CONTROL,0,19
SOD1,130,79,100.0,6.923076923076923,1.3153846153846154,86.15384615384616,-5.658132497307399,-5.668156186311793,CONTROL,0,19
TMEM126A,11,7,100.0,72.72727272727273,1.0909090909090908,0.0,-5.799351958584524,-5.764580527361321,CONTROL,0,19
A-GAMMA3'E,8,8,100.0,0.0,0.0,0.0,-5.438938913200179,-5.4390135536926145,CONTROL,0,2
A1BG,2,2,100.0,0.0,0.0,0.0,-4.9202872908517055,-4.932869675423225,CONTROL,0,2
A1CF,6,6,100.0,0.0,0.0,0.0,-5.079820383611107,-5.10821610019624,CONTROL,0,2
AADAT,2,2,100.0,0.0,1.0,0.0,-6.019203798740888,-5.973983731277027,CONTROL,0,2
AARD,10,10,100.0,0.0,0.3,0.0,-5.772737590336447,-5.7307439981865915,CONTROL,0,2
AARS2,1,1,100.0,0.0,0.0,0.0,-4.966839075950562,-4.8361715747447525,CONTROL,0,2
AASDH,1,1,100.0,0.0,0.0,0.0,-5.559641403061862,-5.668672185680268,CONTROL,0,2
ABCA10,3,3,100.0,0.0,0.0,0.0,-5.327013123013338,-5.388368034782278,CONTROL,0,2
ABCA6,1,1,100.0,0.0,0.0,0.0,-6.639180764522427,-6.359010220637544,CONTROL,0,2
ABCB10,2,2,100.0,0.0,0.0,0.0,-6.35806687866882,-6.236024801093992,CONTROL,0,2
ABCC3,4,4,100.0,0.0,0.5,0.0,-6.701836116607403,-6.704922424251482,CONTROL,0,2
ABCC8,4,4,100.0,0.0,0.0,0.0,-6.339620174228537,-6.381792088763823,CONTROL,0,2
ABCE1,1,1,100.0,0.0,1.0,0.0,-4.47990744203371,-4.340760396252034,CONTROL,0,2
ABHD18,6,6,100.0,0.0,0.6666666666666666,0.0,-6.089250711673867,-6.035657797234421,CONTROL,0,2
ABI1,2,2,100.0,0.0,0.5,0.0,-5.1970538844930125,-5.232701411116919,CONTROL,0,2
ABL2,5,5,100.0,0.0,0.4,0.0,-5.782084898835335,-5.834649823947076,CONTROL,0,2
ABLIM3,2,2,100.0,0.0,0.0,0.0,-5.3914794872770315,-5.426086356942454,CONTROL,0,2
ACBD3,1,1,100.0,0.0,1.0,0.0,-7.0,-7.0,CONTROL,0,2
ACBD6,1,1,100.0,0.0,1.0,0.0,-6.185463631706661,-6.148267064575873,CONTROL,0,2
ACE,3,3,100.0,0.0,1.0,0.0,-5.565015990296707,-5.522408381766707,CONTROL,0,2
ACKR1,3,2,100.0,0.0,0.6666666666666666,0.0,-6.042149129363686,-5.954624771095012,CONTROL,0,2
ACP6,1,1,100.0,0.0,1.0,0.0,-6.073294353786565,-6.069621749001236,CONTROL,0,2
ACP7,1,1,100.0,0.0,0.0,0.0,-4.721882267989373,-4.718047010282899,CONTROL,0,2
ACTA2,1,1,100.0,0.0,0.0,0.0,-7.0,-7.0,CONTROL,0,2
ACTN3,4,3,100.0,0.0,0.5,0.0,-6.064685874581984,-5.960559639741573,CONTROL,0,2
ACY3,2,1,100.0,0.0,0.5,0.0,-6.889193818933481,-6.986427749527741,CONTROL,0,2
ADAM18,30,30,100.0,0.0,0.6,0.0,-5.963623441397567,-5.968491101883099,CONTROL,0,2
ADAM28,25,25,100.0,0.0,0.4,0.0,-5.694437600333975,-5.677444125026994,CONTROL,0,2
ADAMTS14,3,3,100.0,0.0,0.6666666666666666,0.0,-7.0,-7.0,CONTROL,0,2
ADAMTS2,9,8,100.0,0.0,0.1111111111111111,0.0,-5.0747181309119345,-5.003958305028927,CONTROL,0,2
ADGRA2,3,2,100.0,0.0,1.0,0.0,-5.532356366973127,-5.558159019207334,CONTROL,0,2
ADGRB1,3,3,100.0,0.0,1.0,0.0,-6.219204173457773,-6.248803885229222,CONTROL,0,2
ADGRL3,1,1,100.0,0.0,0.0,0.0,-4.6541530338199015,-4.593809600917398,CONTROL,0,2
ADIPOR1,2,1,100.0,0.0,1.0,0.0,-3.8044629371710172,-3.7588613236712423,CONTROL,0,2
ADK,2,2,100.0,0.0,0.5,0.0,-6.5462882876567505,-6.51783170302141,CONTROL,0,2
ADRB3,1,1,100.0,0.0,1.0,0.0,-7.0,-7.0,CONTROL,0,2
AFP,1,1,100.0,0.0,1.0,0.0,-5.451077768135982,-5.398790270712179,CONTROL,0,2
AGPAT5,61,58,100.0,0.0,0.36065573770491804,0.0,-5.693786429453058,-5.686565851030442,CONTROL,0,2
AKIP1,1,1,100.0,0.0,0.0,0.0,-6.211644856485736,-6.109977787675499,CONTROL,0,2
ANGPT1,3,3,100.0,0.0,0.0,0.0,-4.904917087386237,-4.925659697353148,CONTROL,0,2
ANKRD22,1,1,100.0,0.0,1.0,0.0,-3.4279887167409075,-3.382583716922793,CONTROL,0,2
ANKRD34B,1,1,100.0,0.0,0.0,0.0,-3.631114677105062,-3.687248943620488,CONTROL,0,2
ANO9,5,5,100.0,0.0,0.6,0.0,-6.064370386679152,-6.07590946384502,CONTROL,0,2
AP2A2,1,1,100.0,0.0,0.0,0.0,-7.0,-7.0,CONTROL,0,2
AP2S1,3,2,100.0,0.0,0.6666666666666666,0.0,-6.35828457473312,-6.32472557595736,CONTROL,0,2
APOC1,1,1,100.0,0.0,1.0,0.0,-6.673717586524487,-6.764796256443915,CONTROL,0,2
ARFIP2,1,1,100.0,0.0,1.0,0.0,-6.204312209500139,-6.541192687795822,CONTROL,0,2
ARL10,20,20,100.0,0.0,0.45,0.0,-5.960129249830009,-5.919525276996754,CONTROL,0,2
ASAH1-AS1,3,3,100.0,0.0,0.0,0.0,-4.578748570797122,-4.505438409670386,CONTROL,0,2
ASCL2,4,3,100.0,0.0,0.25,0.0,-5.46527146644591,-5.397313286937098,CONTROL,0,2
ASPM,2,1,100.0,0.0,0.5,0.0,-6.099775858037001,-6.050724412696576,CONTROL,0,2
ATP10B,1,1,100.0,0.0,0.0,0.0,-5.991548108745226,-5.939609510730814,CONTROL,0,2
ATP13A1,1,1,100.0,0.0,1.0,0.0,-6.227354702671187,-6.26881277413994,CONTROL,0,2
B4GALT7,5,3,100.0,0.0,0.8,0.0,-5.342513950030006,-5.319069055504874,CONTROL,0,2
BLK,16,16,100.0,0.0,0.5,0.0,-5.90312696003905,-5.9443154022735225,CONTROL,0,2
BLK-AS1,2,2,100.0,0.0,0.0,0.0,-7.0,-6.999824273402265,CONTROL,0,2
BMP2K,1,1,100.0,0.0,0.0,0.0,-3.845471692667924,-3.679233151908487,CONTROL,0,2
BSPH1,1,1,100.0,0.0,0.0,0.0,-5.648630919983707,-5.703031284547526,CONTROL,0,2
C11orf21,1,1,100.0,0.0,0.0,0.0,-5.867984977177679,-5.752570252680229,CONTROL,0,2
C1orf21,1,1,100.0,0.0,1.0,0.0,-5.047779223334516,-5.158993113781868,CONTROL,0,2
C8orf74,2,2,100.0,0.0,1.0,0.0,-6.11651987910535,-6.234367708368224,CONTROL,0,2
CANX,1,1,100.0,0.0,0.0,0.0,-7.0,-7.0,CONTROL,0,2
CARS1-AS1,1,1,100.0,0.0,1.0,0.0,-4.318045902448464,-4.272025873845107,CONTROL,0,2
CBX1,1,0,100.0,0.0,1.0,0.0,-7.0,-7.0,CONTROL,0,2
CD1E,1,0,100.0,0.0,1.0,0.0,-5.246420393592799,-5.557230293777277,CONTROL,0,2
CD248,1,1,100.0,0.0,1.0,0.0,-5.909669066323089,-5.961779368449096,CONTROL,0,2
CDHR2,2,2,100.0,0.0,1.0,0.0,-6.2571116979034365,-6.283326898956794,CONTROL,0,2
CEACAM19,1,1,100.0,0.0,0.0,0.0,-6.1255754443000665,-6.004906183350103,CONTROL,0,2
CEP55,2,2,100.0,0.0,0.0,0.0,-5.74305526968456,-5.660942620438771,CONTROL,0,2
CFHR4,1,1,100.0,0.0,1.0,0.0,-5.684345404125471,-5.619593957440274,CONTROL,0,2
CLDN23,2,0,100.0,0.0,0.0,0.0,-6.466772009871741,-6.4269766543226226,CONTROL,0,2
CLK4,1,1,100.0,0.0,1.0,0.0,-4.978725262713926,-4.784794862314992,CONTROL,0,2
COL1A1,1,1,100.0,0.0,0.0,0.0,-6.788790996710457,-6.974153038020307,CONTROL,0,2
COX7A2,1,1,100.0,0.0,1.0,0.0,-6.117063124848867,-5.9437383999450315,CONTROL,0,2
CTSD,1,1,100.0,0.0,0.0,0.0,-5.367085084108519,-5.489775791065646,CONTROL,0,2
DBN1,2,2,100.0,0.0,1.0,0.0,-6.147739455742329,-6.1525625352339315,CONTROL,0,2
DEFA5,2,2,100.0,0.0,0.0,0.0,-6.442803719693716,-6.393739955676191,CONTROL,0,2
DEFB103B,2,2,100.0,0.0,0.0,0.0,-6.517712991099096,-6.652140189242753,CONTROL,0,2
DEFB105B,4,4,100.0,0.0,0.0,0.0,-5.264715226485361,-5.255277554464673,CONTROL,0,2
DEFB109B,2,2,100.0,0.0,1.0,0.0,-5.770184159947123,-5.75692230228942,CONTROL,0,2
DEFB4A,3,3,100.0,0.0,0.0,0.0,-5.739663217850707,-5.714751279325952,CONTROL,0,2
DLGAP2,2,2,100.0,0.0,1.0,0.0,-4.256771281397958,-4.09780562309589,CONTROL,0,2
DMTN,3,3,100.0,0.0,1.0,0.0,-4.816702482767709,-4.792667087840424,CONTROL,0,2
EML2,1,0,100.0,0.0,0.0,0.0,-5.331404914044926,-5.4520085537675715,CONTROL,0,2
EVI2B,3,3,100.0,0.0,0.0,0.0,-5.822769474594253,-5.777830993866452,CONTROL,0,2
EXTL3,1,1,100.0,0.0,0.0,0.0,-5.455394914471766,-5.672428887438366,CONTROL,0,2
F13B,1,1,100.0,0.0,1.0,0.0,-5.639964070433018,-5.6843863170513,CONTROL,0,2
FAM153A,1,1,100.0,0.0,1.0,0.0,-7.0,-7.0,CONTROL,0,2
FAM90A17,2,2,100.0,0.0,0.0,0.0,-4.718879894352618,-4.607941613379145,CONTROL,0,2
FAT4,1,1,100.0,0.0,1.0,0.0,-7.0,-7.0,CONTROL,0,2
FGF2,1,0,100.0,0.0,1.0,0.0,-4.08488043592029,-4.186386894175616,CONTROL,0,2
FGFR4,3,2,100.0,0.0,1.0,0.0,-6.22121642832082,-6.19258034284634,CONTROL,0,2
FTSJ3,1,1,100.0,0.0,1.0,0.0,-7.0,-7.0,CONTROL,0,2
GAB2,2,2,100.0,0.0,0.0,0.0,-6.843572633164001,-6.8099201329062335,CONTROL,0,2
GATA4,2,2,100.0,0.0,1.0,0.0,-6.174457359407093,-6.133401143896776,CONTROL,0,2
GATD1,1,1,100.0,0.0,1.0,0.0,-7.0,-7.0,CONTROL,0,2
GPR158-AS1,1,1,100.0,0.0,0.0,0.0,-7.0,-7.0,CONTROL,0,2
GPR179,3,3,100.0,0.0,0.0,0.0,-6.330281901128671,-6.383576913001929,CONTROL,0,2
GRK6,1,1,100.0,0.0,0.0,0.0,-6.284903604609521,-6.244405788038669,CONTROL,0,2
GUF1,1,1,100.0,0.0,0.0,0.0,-6.618494896077973,-6.643590309186959,CONTROL,0,2
HBG2,1,1,100.0,0.0,0.0,0.0,-5.6448394895301215,-5.598740857734194,CONTROL,0,2
HK3,1,1,100.0,0.0,0.0,0.0,-7.0,-7.0,CONTROL,0,2
HOXB3,1,0,100.0,0.0,1.0,0.0,-5.855098682531819,-5.911089663896834,CONTROL,0,2
IGHMBP2,1,0,100.0,0.0,1.0,0.0,-4.413835337310946,-4.457778855909803,CONTROL,0,2
IKBKB,1,0,100.0,0.0,1.0,0.0,-5.883810462012799,-5.760519481404677,CONTROL,0,2
IL12RB1,1,1,100.0,0.0,0.0,0.0,-5.9236128907660595,-5.892481200297505,CONTROL,0,2
INAFM1,1,0,100.0,0.0,1.0,0.0,-4.637445609472733,-4.629059753019969,CONTROL,0,2
INPP4B,1,1,100.0,0.0,0.0,0.0,-4.82660087632901,-4.709231617179267,CONTROL,0,2
INS,31,14,100.0,6.451612903225806,1.2258064516129032,74.19354838709677,-5.384978748246076,-5.38920881872794,CONTROL,0,2
INS-IGF2,5,4,100.0,0.0,1.4,100.0,-5.616802524639298,-5.529860688666382,CONTROL,0,2
KCNK2,1,1,100.0,0.0,1.0,0.0,-6.089068876739292,-6.117766318189912,CONTROL,0,2
KIFC1,1,0,100.0,0.0,0.0,0.0,-5.197136633214996,-5.160778040926566,CONTROL,0,2
LINC02209,1,1,100.0,0.0,0.0,0.0,-5.280473862497168,-5.3163011229697466,CONTROL,0,2
LOC101926956,1,1,100.0,0.0,0.0,0.0,-7.0,-7.0,CONTROL,0,2
LOC109279841,1,1,100.0,0.0,0.0,0.0,-7.0,-7.0,CONTROL,0,2
LOC113788270,1,1,100.0,0.0,0.0,0.0,-5.668058664141402,-5.682954673770824,CONTROL,0,2
LOC113788274,1,1,100.0,0.0,0.0,0.0,-6.871898419900188,-6.90194290069837,CONTROL,0,2
LOC116186926,1,1,100.0,0.0,0.0,0.0,-5.06792653952922,-5.094744067470918,CONTROL,0,2
LOC124153122,1,1,100.0,0.0,1.0,0.0,-5.675590236694562,-5.643574965887905,CONTROL,0,2
LOC126807234,1,1,100.0,0.0,1.0,0.0,-5.9336671990856065,-6.05655661047879,CONTROL,0,2
LOC126860279,2,2,100.0,0.0,1.0,0.0,-5.785209733563141,-5.786716747515932,CONTROL,0,2
LOC126860300,2,2,100.0,0.0,0.0,0.0,-5.854685691648752,-5.856794590022349,CONTROL,0,2
LOC126860318,1,1,100.0,0.0,1.0,0.0,-7.0,-7.0,CONTROL,0,2
LOC126860367,1,1,100.0,0.0,0.0,0.0,-6.425335671363076,-6.429682025314309,CONTROL,0,2
LOC129389957,2,2,100.0,0.0,1.0,0.0,-6.176839798188711,-6.1224187562567245,CONTROL,0,2
LOC129390007,3,3,100.0,0.0,0.0,0.0,-5.42407504708392,-5.520057001164907,CONTROL,0,2
LOC129993222,1,1,100.0,0.0,1.0,0.0,-7.0,-6.981061901666955,CONTROL,0,2
LOC129995141,1,1,100.0,0.0,1.0,0.0,-5.587469673028046,-5.820099807923546,CONTROL,0,2
LOC129995157,1,1,100.0,0.0,0.0,0.0,-3.368270778738737,-3.63647273510908,CONTROL,0,2
LOC129995374,1,1,100.0,0.0,1.0,0.0,-3.5862874079934652,-3.8502736449271526,CONTROL,0,2
LOC129995377,1,1,100.0,0.0,1.0,0.0,-4.946897749360789,-5.178409561484506,CONTROL,0,2
LOC129995390,1,1,100.0,0.0,0.0,0.0,-5.948647965638574,-5.728051884731639,CONTROL,0,2
LOC129996048,1,1,100.0,0.0,0.0,0.0,-5.413804722253502,-5.4729480149729826,CONTROL,0,2
LOC129999790,2,2,100.0,0.0,0.0,0.0,-5.342073588157364,-5.270423556976866,CONTROL,0,2
LOC129999874,2,2,100.0,0.0,1.0,0.0,-4.467313803069273,-4.432878583045418,CONTROL,0,2
LOC129999903,2,2,100.0,0.0,0.0,0.0,-6.531691293713138,-6.55130597236427,CONTROL,0,2
LOC129999986,2,2,100.0,0.0,1.0,0.0,-5.464092277449311,-5.253131383538119,CONTROL,0,2
LOC130000120,2,2,100.0,0.0,0.0,0.0,-5.401756200681776,-5.434338852895916,CONTROL,0,2
LOC130000205,1,1,100.0,0.0,1.0,0.0,-5.894940201449028,-5.854292182993723,CONTROL,0,2
LOC130000296,1,1,100.0,0.0,0.0,0.0,-7.0,-7.0,CONTROL,0,2
LOC130000316,1,1,100.0,0.0,0.0,0.0,-5.3451046135674805,-5.609071854731464,CONTROL,0,2
LOC130000833,3,3,100.0,0.0,0.0,0.0,-5.295976081797335,-5.41049474810703,CONTROL,0,2
LOC130000876,3,3,100.0,0.0,0.0,0.0,-5.742225083411302,-5.683242512184506,CONTROL,0,2
LOC130003388,1,1,100.0,0.0,0.0,0.0,-5.505274996382316,-5.227502376036494,CONTROL,0,2
LOC130003505,1,0,100.0,0.0,0.0,0.0,-5.342547728625106,-5.463866945610838,CONTROL,0,2
LOC130061427,3,3,100.0,0.0,1.0,0.0,-5.6921157273319265,-5.685946274851993,CONTROL,0,2
LOC130063881,1,1,100.0,0.0,1.0,0.0,-3.929290257067992,-3.8070053248801705,CONTROL,0,2
LOC130063900,1,1,100.0,0.0,0.0,0.0,-7.0,-7.0,CONTROL,0,2
LOC130064108,1,1,100.0,0.0,0.0,0.0,-7.0,-7.0,CONTROL,0,2
LPL,1,1,100.0,0.0,1.0,0.0,-6.225570481647665,-6.07453981680966,CONTROL,0,2
MIR3674,2,2,100.0,0.0,1.0,0.0,-5.6965938430532495,-5.789229260787977,CONTROL,0,2
MIR4659A,2,2,100.0,0.0,0.0,0.0,-6.718195284142846,-6.6887823575531735,CONTROL,0,2
MNDA,1,1,100.0,0.0,1.0,0.0,-5.615409933711887,-5.7823464248619,CONTROL,0,2
NBR2,2,2,100.0,0.0,0.0,0.0,-5.793131503153953,-5.74672945068899,CONTROL,0,2
OR2Y1,1,1,100.0,0.0,1.0,0.0,-6.373533060997268,-6.414594651922602,CONTROL,0,2
PFN3,1,1,100.0,0.0,0.0,0.0,-6.046206947642924,-6.1370848415546195,CONTROL,0,2
PGBD2,2,2,100.0,0.0,0.0,0.0,-4.837778065724535,-4.778142104750989,CONTROL,0,2
PKN1,2,2,100.0,0.0,0.0,0.0,-5.4263270979981115,-5.4867149758313545,CONTROL,0,2
PPM1D,3,3,100.0,0.0,0.0,0.0,-6.693490593984289,-6.816899992557102,CONTROL,0,2
PRAG1,2,2,100.0,0.0,1.0,0.0,-5.090728026464911,-5.176905338272373,CONTROL,0,2
PRELID1,1,1,100.0,0.0,1.0,0.0,-6.015720758561918,-5.826119908641861,CONTROL,0,2
PRSS12,1,1,100.0,0.0,0.0,0.0,-7.0,-7.0,CONTROL,0,2
PRSS38,1,1,100.0,0.0,0.0,0.0,-7.0,-7.0,CONTROL,0,2
PRXL2A,2,2,100.0,0.0,0.0,0.0,-4.607101592666069,-4.716485732850323,CONTROL,0,2
PTBP2,2,2,100.0,0.0,0.0,0.0,-6.614812787112259,-6.544247463506875,CONTROL,0,2
SDHD,1,1,100.0,0.0,0.0,0.0,-7.0,-7.0,CONTROL,0,2
SLC30A8,3,3,100.0,0.0,0.0,0.0,-4.765367567517109,-4.705588165561559,CONTROL,0,2
SLC67A1,1,1,100.0,0.0,1.0,0.0,-6.320148108636642,-6.245237954230277,CONTROL,0,2
SLC7A11-AS1,1,1,100.0,0.0,1.0,0.0,-6.657771808705125,-6.764088291994821,CONTROL,0,2
SPATA31J1,1,1,100.0,0.0,1.0,0.0,-5.256918967328626,-5.273291802089622,CONTROL,0,2
TH,1,1,100.0,0.0,0.0,0.0,-4.705169186207719,-4.5255200113532705,CONTROL,0,2
TIAL1,2,2,100.0,0.0,0.0,0.0,-5.616374360456204,-5.552365512880575,CONTROL,0,2
TMEM179B,2,2,100.0,0.0,0.0,0.0,-6.040442063671538,-6.046066379241618,CONTROL,0,2
TMPRSS4,1,1,100.0,0.0,0.0,0.0,-6.4620280642692345,-6.46033642269528,CONTROL,0,2
TNNT3,1,1,100.0,0.0,0.0,0.0,-7.0,-7.0,CONTROL,0,2
VPS45,2,2,100.0,0.0,1.0,0.0,-6.217056942664584,-6.221862814809386,CONTROL,0,2
XKR4,1,1,100.0,0.0,0.0,0.0,-4.633296951268883,-4.6943819451441176,CONTROL,0,2
ZFP57,1,1,100.0,0.0,0.0,0.0,-5.596245167603669,-5.5914733527948055,CONTROL,0,2
CPT1B,2,2,100.0,0.0,1.0,0.0,-4.940230129966153,-4.966867329598898,CONTROL,0,20
DEFB112,1,1,100.0,0.0,1.0,0.0,-6.106395693706316,-5.953375680920486,CONTROL,0,20
DEFB4A,1,1,100.0,0.0,0.0,0.0,-5.862538157027952,-5.853903288381724,CONTROL,0,20
FAM170A,2,0,100.0,0.0,0.0,0.0,-6.070560334776711,-5.9974664788559835,CONTROL,0,20
HFE,44,34,100.0,81.81818181818183,1.1590909090909092,6.8181818181818175,-6.047022491017061,-6.04009172461808,CONTROL,0,20
HGFAC,2,1,100.0,0.0,0.5,0.0,-5.886089542619269,-6.038895700500806,CONTROL,0,20
KRTAP10-11,1,1,100.0,0.0,1.0,0.0,-7.0,-7.0,CONTROL,0,20
ZNF418,1,0,100.0,0.0,0.0,100.0,-5.512417337511179,-5.590510733411769,CONTROL,0,20
ACKR1,5,4,100.0,20.0,0.6,0.0,-5.241504645200802,-5.31570769740694,CONTROL,0,21
APOBEC3A,1,0,100.0,0.0,1.0,0.0,-6.990226175660209,-6.924920593611048,CONTROL,0,21
BEST2,4,3,100.0,0.0,0.5,0.0,-5.447378652142678,-5.440630271050084,CONTROL,0,21
C1QA,12,9,100.0,83.33333333333334,1.1666666666666667,16.666666666666664,-6.124263189451742,-6.1154816624294925,CONTROL,0,21
KHDC3L,4,3,100.0,75.0,0.25,25.0,-4.952503373736231,-5.032876902677813,CONTROL,0,21
LDHAL6B,1,1,100.0,0.0,1.0,0.0,-7.0,-7.0,CONTROL,0,21
ORAI3,1,0,100.0,0.0,0.0,0.0,-5.042166951077753,-4.956081944199361,CONTROL,0,21
PCNA,1,0,100.0,0.0,2.0,100.0,-6.068031777509613,-6.240499015486177,CONTROL,0,21
CRELD1,15,10,100.0,66.66666666666666,0.8,26.666666666666668,-5.673801950167911,-5.644876709498264,CONTROL,0,22
CST6,1,1,100.0,100.0,0.0,0.0,-7.0,-7.0,CONTROL,0,22
DOLK,14,8,100.0,35.714285714285715,0.8571428571428571,57.14285714285714,-6.095606372885401,-6.147388836553184,CONTROL,0,22
IRX6,1,1,100.0,0.0,0.0,0.0,-5.500847170078116,-5.458677934460086,CONTROL,0,22
KRTAP10-11,1,1,100.0,0.0,1.0,0.0,-4.888704776787369,-5.064485471397416,CONTROL,0,22
TREX1,7,6,100.0,28.57142857142857,1.4285714285714286,0.0,-5.53388062903647,-5.54718246738597,CONTROL,0,22
TXN,1,1,100.0,0.0,0.0,0.0,-6.198809793388664,-6.199635199217565,CONTROL,0,22
ACTL7A,7,6,100.0,42.857142857142854,0.14285714285714285,57.14285714285714,-6.027228268649282,-6.037289193328661,CONTROL,0,23
BAG5,6,3,100.0,83.33333333333334,0.5,0.0,-5.9520997631196435,-5.950590300279515,CONTROL,0,23
DEFB112,1,1,100.0,0.0,1.0,0.0,-5.9157613985521325,-5.84450759297133,CONTROL,0,23
GALE,61,37,100.0,72.1311475409836,1.1967213114754098,22.950819672131146,-5.831287048446216,-5.8131156201816605,CONTROL,0,23
LCAT,40,25,100.0,37.5,1.0,52.5,-5.968275776699427,-5.955090246916088,CONTROL,0,23
TBR1,65,31,100.0,63.07692307692307,0.9692307692307692,30.76923076923077,-5.8703841202309235,-5.876573018459288,CONTROL,0,23
ARRDC1,44,39,100.0,0.0,0.8409090909090909,0.0,-5.895381568329689,-5.898069248545786,CONTROL,0,24
DRC12,1,1,100.0,0.0,1.0,0.0,-6.08407513908934,-6.228994588594645,CONTROL,0,24
FAM136A,1,1,100.0,100.0,1.0,0.0,-5.075280324510186,-4.866026418671557,CONTROL,0,24
KLHL33,1,1,100.0,0.0,0.0,0.0,-6.836246573193705,-6.587207338980471,CONTROL,0,24
MAT2A,2,2,100.0,0.0,1.0,50.0,-5.400041214009024,-5.411347928653404,CONTROL,0,24
ZNF572,1,1,100.0,0.0,0.0,0.0,-5.436638650369343,-5.560382892566176,CONTROL,0,24
CEL,7,2,100.0,85.71428571428571,1.0,0.0,-6.756775513413297,-6.745958317393808,CONTROL,0,25
COPRS,4,4,100.0,0.0,0.75,0.0,-5.609137905776256,-5.682375781260472,CONTROL,0,25
FNDC10,1,1,100.0,0.0,1.0,0.0,-7.0,-7.0,CONTROL,0,25
GNB2,12,8,100.0,0.0,1.0833333333333333,100.0,-5.4958457040630195,-5.4803553751926515,CONTROL,0,25
LKAAEAR1,1,0,100.0,0.0,0.0,0.0,-5.569231465973326,-5.536543126228533,CONTROL,0,25
PPIB,18,8,100.0,55.55555555555556,1.0,33.33333333333333,-6.364956318266979,-6.372231731855496,CONTROL,0,25
RTP2,1,1,100.0,0.0,1.0,0.0,-6.6576896269933235,-6.690983287164238,CONTROL,0,25
CABP4,30,24,100.0,63.33333333333333,1.2333333333333334,6.666666666666667,-5.951422596082823,-5.927576041032213,CONTROL,0,26
CLCF1,3,3,100.0,66.66666666666666,0.0,33.33333333333333,-5.7583026411216265,-5.7046276929326725,CONTROL,0,26
FOXI3,8,2,100.0,12.5,0.5,87.5,-6.1132128217906025,-6.094871638476139,CONTROL,0,26
KLC2,2,2,100.0,0.0,0.5,0.0,-6.008851369069019,-6.047747352951781,CONTROL,0,26
OR3A1,1,1,100.0,0.0,1.0,0.0,-5.960089174564298,-5.988392098282188,CONTROL,0,26
RTP2,1,1,100.0,0.0,1.0,0.0,-7.0,-7.0,CONTROL,0,26
CFAP68,1,1,100.0,0.0,1.0,0.0,-6.66872555498637,-6.513996426450368,CONTROL,0,27
MICOS13,2,2,100.0,100.0,0.5,0.0,-7.0,-6.982331139843315,CONTROL,0,27
PCBP1,1,0,100.0,100.0,1.0,0.0,-6.864878680862687,-6.455888714737323,CONTROL,0,27
TCAP,35,22,100.0,85.71428571428571,1.2285714285714286,8.571428571428571,-6.176808822409983,-6.170598203119702,CONTROL,0,27
ZNF446,1,1,100.0,100.0,0.0,0.0,-3.242465207583961,-3.1571049879981725,CONTROL,0,27
APOC3,2,2,100.0,0.0,0.0,100.0,-5.891551957468764,-5.944436019712663,CONTROL,0,28
ASB6,2,2,100.0,0.0,1.0,0.0,-4.665914189197251,-4.54149347538302,CONTROL,0,28
B4GALT3,1,1,100.0,100.0,1.0,0.0,-5.9519944616708935,-5.75597440047872,CONTROL,0,28
CD248,1,1,100.0,0.0,1.0,0.0,-6.7960492396063685,-6.830927180178574,CONTROL,0,28
CLDN3,8,8,100.0,0.0,0.625,0.0,-5.64613031195676,-5.690087466878001,CONTROL,0,28
COX4I1,2,2,100.0,0.0,0.0,100.0,-5.161050016629034,-5.020444370294533,CONTROL,0,28
PACSIN3,3,3,100.0,100.0,0.0,0.0,-6.423766656323763,-6.501572120900259,CONTROL,0,28
UQCRFS1,4,3,100.0,50.0,0.5,25.0,-5.992957757728643,-6.046406027400515,CONTROL,0,28
EXOC8,2,0,100.0,100.0,1.0,0.0,-6.230062104805916,-6.1864456718170695,CONTROL,0,29
FOXJ1,8,5,100.0,100.0,0.5,0.0,-6.215934703825384,-6.282416859289016,CONTROL,0,29
GSC,3,3,100.0,100.0,0.0,0.0,-5.613138694588592,-5.614236659370429,CONTROL,0,29
SUOX,81,63,100.0,80.24691358024691,1.123456790123457,16.049382716049383,-6.141209483149675,-6.148137301811689,CONTROL,0,29
A1BG,2,2,100.0,0.0,0.0,0.0,-4.895055382523742,-4.96175574986691,CONTROL,0,3
A1CF,2,2,100.0,0.0,0.0,0.0,-5.506129731485108,-5.517285894563372,CONTROL,0,3
A4GALT,3,3,100.0,0.0,0.3333333333333333,0.0,-5.655063311211118,-5.742210474549297,CONTROL,0,3
AADAT,25,25,100.0,0.0,0.24,0.0,-5.706939752483304,-5.689942180366936,CONTROL,0,3
AARS1,8,7,100.0,0.0,0.375,0.0,-6.155029725266603,-6.1981374565721,CONTROL,0,3
AASDH,1,1,100.0,0.0,0.0,0.0,-7.0,-7.0,CONTROL,0,3
AATBC,14,14,100.0,0.0,0.5,0.0,-5.752030964233898,-5.761274763895796,CONTROL,0,3
AATF,2,2,100.0,0.0,0.5,0.0,-3.119812326376107,-3.1151536440654537,CONTROL,0,3
ABAT,5,5,100.0,0.0,0.0,0.0,-6.088777267215798,-6.013406104511534,CONTROL,0,3
ABCA1,6,6,100.0,0.0,0.6666666666666666,0.0,-6.368908301921572,-6.389603402149056,CONTROL,0,3
ABCA3,10,9,100.0,0.0,0.4,0.0,-6.380784310958484,-6.369661368822447,CONTROL,0,3
ABCA4,1,1,100.0,0.0,1.0,0.0,-6.293759520678663,-6.454342543726282,CONTROL,0,3
ABCA7,7,6,100.0,0.0,0.42857142857142855,0.0,-5.760953783951448,-5.747142269663523,CONTROL,0,3
ABCB10,13,13,100.0,0.0,0.46153846153846156,0.0,-5.704356844384912,-5.713797093951159,CONTROL,0,3
ABCB7,13,13,100.0,0.0,0.07692307692307693,0.0,-5.53566358304868,-5.573198808492188,CONTROL,0,3
ABCC2,4,4,100.0,0.0,0.75,0.0,-5.946579033709133,-6.0077838884445915,CONTROL,0,3
ABCD1,52,51,100.0,0.0,0.46153846153846156,0.0,-6.002557886135973,-5.992870745238884,CONTROL,0,3
ABCE1,1,1,100.0,0.0,1.0,0.0,-4.733295387263158,-4.672041665507354,CONTROL,0,3
ABCG1,11,11,100.0,0.0,0.5454545454545454,0.0,-5.687812505953079,-5.707492008249048,CONTROL,0,3
ABCG4,10,10,100.0,0.0,0.4,0.0,-5.8654675194376305,-5.9141723752705975,CONTROL,0,3
ABHD17A,2,2,100.0,0.0,0.5,0.0,-6.217947176006349,-6.1918986999530095,CONTROL,0,3
ABHD17B,3,2,100.0,0.0,0.3333333333333333,0.0,-5.025100355016405,-5.024707040886458,CONTROL,0,3
ABHD18,6,6,100.0,0.0,0.6666666666666666,0.0,-6.013368053517664,-6.010158928189765,CONTROL,0,3
ABL2,1,1,100.0,0.0,0.0,0.0,-4.534132356436956,-4.507441042777795,CONTROL,0,3
ABLIM3,1,1,100.0,0.0,0.0,0.0,-7.0,-7.0,CONTROL,0,3
ABR,13,13,100.0,0.0,0.46153846153846156,0.0,-6.288747868621683,-6.291273798044875,CONTROL,0,3
ACADM,12,10,100.0,0.0,0.3333333333333333,0.0,-5.663368884372789,-5.633700771535252,CONTROL,0,3
ACD,5,4,100.0,0.0,0.4,0.0,-5.58688063433337,-5.691651280230843,CONTROL,0,3
ACER1,1,1,100.0,0.0,1.0,0.0,-7.0,-7.0,CONTROL,0,3
ACER2,19,17,100.0,0.0,0.3684210526315789,0.0,-5.889577129072756,-5.90592711038056,CONTROL,0,3
ACO1,2,1,100.0,0.0,0.5,0.0,-6.6553060729250415,-6.685192231264313,CONTROL,0,3
ACP5,2,2,100.0,0.0,0.0,0.0,-6.163798216965308,-6.285546028364875,CONTROL,0,3
ACP6,2,2,100.0,0.0,1.0,0.0,-6.964022109698206,-6.903273689195741,CONTROL,0,3
ACSL1,42,39,100.0,0.0,0.5,0.0,-5.713929536913217,-5.723517827680199,CONTROL,0,3
ACSL5,1,1,100.0,0.0,1.0,0.0,-5.38269066507898,-5.591688694659077,CONTROL,0,3
ACSM2A,1,1,100.0,100.0,0.0,0.0,-6.0174811419315315,-5.936917701403916,CONTROL,0,3
ACTA1,1,1,100.0,0.0,1.0,0.0,-5.976183090829478,-6.008681990503638,CONTROL,0,3
ACTN2,7,7,100.0,0.0,0.2857142857142857,0.0,-6.595100557457139,-6.593295720432839,CONTROL,0,3
ACTR1A,1,1,100.0,0.0,1.0,0.0,-5.264716925944077,-5.214829546724352,CONTROL,0,3
ADA2,4,4,100.0,0.0,0.5,0.0,-5.4665700226537925,-5.545793775122522,CONTROL,0,3
ADAM29,1,0,100.0,0.0,1.0,0.0,-6.670949741159417,-6.807193650292402,CONTROL,0,3
ADAMTS1,17,13,100.0,0.0,0.5882352941176471,5.88235294117647,-5.648505879316016,-5.602053334128661,CONTROL,0,3
ADAMTS12,5,5,100.0,0.0,0.4,0.0,-5.52600730684332,-5.571817815836665,CONTROL,0,3
ADAMTS16,65,65,100.0,0.0,0.46153846153846156,0.0,-5.825739267327295,-5.845922713427057,CONTROL,0,3
ADAMTSL1,1,1,100.0,0.0,0.0,0.0,-5.881712628113974,-5.740132205898606,CONTROL,0,3
ADCY2,3,2,100.0,0.0,0.0,0.0,-5.526299398181767,-5.582804278206713,CONTROL,0,3
ADGRE2,3,3,100.0,0.0,0.3333333333333333,0.0,-4.40473781318795,-4.3817069158210575,CONTROL,0,3
ADGRE5,2,1,100.0,0.0,0.0,0.0,-5.387694044631001,-5.4908022874915385,CONTROL,0,3
ADGRL3,2,2,100.0,0.0,0.0,0.0,-7.0,-7.0,CONTROL,0,3
ADORA2A,28,21,100.0,0.0,0.42857142857142855,0.0,-5.620039074206727,-5.648429469324485,CONTROL,0,3
ADSS2,19,16,100.0,0.0,0.5789473684210527,0.0,-6.124948885413528,-6.173647681473867,CONTROL,0,3
AFF2,1,1,100.0,0.0,0.0,0.0,-5.924287613480513,-5.867809664244512,CONTROL,0,3
AFP,2,2,100.0,0.0,1.0,0.0,-6.558721151827447,-6.59382660708539,CONTROL,0,3
AGRP,1,1,100.0,0.0,1.0,0.0,-7.0,-7.0,CONTROL,0,3
AIPL1,1,1,100.0,0.0,0.0,0.0,-5.303990726795114,-5.145553946808712,CONTROL,0,3
AKT3,3,1,100.0,0.0,0.6666666666666666,0.0,-5.4296532301647815,-5.518278617079717,CONTROL,0,3
ALAS2,1,1,100.0,0.0,1.0,0.0,-5.6493599425476395,-5.64954287235318,CONTROL,0,3
ALDH1B1,3,3,100.0,0.0,0.0,0.0,-4.5466390836293975,-4.439678841290038,CONTROL,0,3
ALOX12,1,1,100.0,0.0,0.0,0.0,-4.285894669020903,-4.320410125255828,CONTROL,0,3
AMDHD2,2,0,100.0,0.0,0.5,0.0,-5.121906139464015,-5.092758647379258,CONTROL,0,3
AMMECR1,1,1,100.0,0.0,0.0,0.0,-5.86981233231602,-5.932056569920686,CONTROL,0,3
ANGPTL8,1,1,100.0,0.0,0.0,0.0,-6.313234718889104,-6.472543909646377,CONTROL,0,3
ANKFY1,1,1,100.0,0.0,1.0,0.0,-6.308218291890764,-6.19889191887748,CONTROL,0,3
ANKRD13C,1,1,100.0,0.0,1.0,0.0,-4.812361443162355,-4.709605039453938,CONTROL,0,3
ANKRD18B,3,3,100.0,0.0,0.3333333333333333,0.0,-6.026020893935759,-6.0477467015815165,CONTROL,0,3
ANKRD54,1,1,100.0,0.0,0.0,0.0,-7.0,-6.954613257812956,CONTROL,0,3
APLN,1,0,100.0,0.0,0.0,0.0,-7.0,-7.0,CONTROL,0,3
AQP3,1,1,100.0,0.0,0.0,0.0,-6.867914888470794,-7.0,CONTROL,0,3
ARAF,1,1,100.0,0.0,1.0,0.0,-4.4460500785296295,-4.386518667651575,CONTROL,0,3
ARHGAP4,24,23,100.0,0.0,0.6666666666666666,0.0,-5.766533108947645,-5.738016403085967,CONTROL,0,3
ARHGDIG,1,1,100.0,0.0,1.0,0.0,-7.0,-7.0,CONTROL,0,3
ARHGEF39,1,1,100.0,0.0,0.0,0.0,-6.506007797041262,-6.522787330135917,CONTROL,0,3
ARID3A,1,1,100.0,0.0,1.0,0.0,-5.372082637475515,-5.420436288994193,CONTROL,0,3
ARL2BP,1,1,100.0,0.0,0.0,0.0,-6.209173127216746,-6.2423067711439675,CONTROL,0,3
ARMCX5-GPRASP2,1,1,100.0,0.0,0.0,0.0,-4.6185540677253405,-4.730656098462681,CONTROL,0,3
ASPA,6,4,100.0,0.0,0.5,0.0,-5.868386688052069,-5.9343041394898615,CONTROL,0,3
ATP10B,1,1,100.0,0.0,0.0,0.0,-7.0,-7.0,CONTROL,0,3
ATP6AP1-DT,1,1,100.0,0.0,1.0,0.0,-5.23763920741841,-5.196269280902207,CONTROL,0,3
BAG1,1,0,100.0,0.0,1.0,0.0,-7.0,-7.0,CONTROL,0,3
BBOF1,1,1,100.0,0.0,0.0,0.0,-5.077222741298809,-5.07678725864515,CONTROL,0,3
BCR,10,10,100.0,0.0,0.7,0.0,-5.761766762939045,-5.798898665059203,CONTROL,0,3
BEAN1,1,1,100.0,0.0,1.0,0.0,-6.3880952730592435,-6.2542781081238035,CONTROL,0,3
BECN2,1,1,100.0,0.0,0.0,0.0,-3.948871097378673,-3.981315467545776,CONTROL,0,3
BGN,1,1,100.0,0.0,0.0,0.0,-7.0,-7.0,CONTROL,0,3
BMP2K,2,2,100.0,0.0,0.0,0.0,-5.7946465188435035,-5.854858137197651,CONTROL,0,3
BMX,1,1,100.0,0.0,0.0,0.0,-7.0,-7.0,CONTROL,0,3
C11orf71,1,1,100.0,0.0,1.0,0.0,-5.033444231361452,-5.210940482612215,CONTROL,0,3
C17orf114,1,1,100.0,0.0,0.0,0.0,-6.046858702788056,-6.337042272680763,CONTROL,0,3
C1QTNF5,2,0,100.0,0.0,0.5,0.0,-6.379845385364149,-6.403066960093222,CONTROL,0,3
C22orf15,1,1,100.0,0.0,0.0,0.0,-4.538513413492889,-4.522343877949976,CONTROL,0,3
C2CD2,1,1,100.0,0.0,1.0,0.0,-5.981772027373391,-5.947488306531048,CONTROL,0,3
C2CD4D,1,1,100.0,0.0,1.0,0.0,-4.8935741945018,-4.865318983180596,CONTROL,0,3
CALHM1,1,0,100.0,0.0,1.0,100.0,-7.0,-7.0,CONTROL,0,3
CAMTA2-AS1,1,1,100.0,0.0,0.0,0.0,-7.0,-7.0,CONTROL,0,3
CASP3,1,1,100.0,0.0,0.0,0.0,-3.5391893079681656,-3.813015363849485,CONTROL,0,3
CBR4-DT,1,1,100.0,0.0,1.0,0.0,-7.0,-7.0,CONTROL,0,3
CCDC120,1,1,100.0,0.0,0.0,0.0,-5.640184615122367,-5.541705084110394,CONTROL,0,3
CCDC15,2,2,100.0,0.0,1.0,0.0,-5.691918731976746,-5.478817077435112,CONTROL,0,3
CCDC186,1,1,100.0,0.0,1.0,0.0,-4.686575267679491,-4.611069846357917,CONTROL,0,3
CCDC92B,1,1,100.0,0.0,1.0,0.0,-7.0,-7.0,CONTROL,0,3
CCL27,1,1,100.0,0.0,0.0,0.0,-7.0,-7.0,CONTROL,0,3
CD274,2,2,100.0,0.0,0.0,0.0,-6.580021359074266,-6.684159110601945,CONTROL,0,3
CDH12,1,1,100.0,0.0,1.0,0.0,-5.0974231571073405,-4.980087688547498,CONTROL,0,3
CDH9,1,1,100.0,0.0,0.0,0.0,-6.734475437568455,-6.854599732535668,CONTROL,0,3
CDKN2AIP,1,1,100.0,0.0,1.0,0.0,-6.3947773752568535,-6.593284103993394,CONTROL,0,3
CEP170,1,1,100.0,0.0,1.0,0.0,-4.921858476409241,-4.8412720121404575,CONTROL,0,3
CEP55,1,1,100.0,0.0,0.0,0.0,-4.986659986068864,-4.93364282604465,CONTROL,0,3
CFAP90,1,1,100.0,0.0,0.0,0.0,-4.906330915440694,-4.897117879246523,CONTROL,0,3
CFAP97,1,1,100.0,0.0,1.0,0.0,-7.0,-7.0,CONTROL,0,3
CHCHD10,2,0,100.0,0.0,1.0,0.0,-6.329156639780878,-6.280654854141199,CONTROL,0,3
CHML,3,3,100.0,0.0,1.0,0.0,-5.749384582048033,-5.593053777224739,CONTROL,0,3
CIMIP2B,2,2,100.0,0.0,0.5,0.0,-6.019655151647926,-5.93300507921315,CONTROL,0,3
CLCA1,1,1,100.0,0.0,1.0,0.0,-5.383442356526396,-5.347401826381615,CONTROL,0,3
CLCN3,1,1,100.0,0.0,1.0,0.0,-5.467433149248212,-5.409043984634426,CONTROL,0,3
CLDN22,2,2,100.0,0.0,1.0,0.0,-4.992957787495296,-4.904059099264671,CONTROL,0,3
CLGN,1,1,100.0,0.0,1.0,0.0,-5.819542765389746,-5.710677304862022,CONTROL,0,3
CLIC6,1,1,100.0,0.0,1.0,0.0,-4.597918340894295,-4.500001591116454,CONTROL,0,3
CLUH,2,2,100.0,0.0,1.0,0.0,-5.81939744500985,-5.999027948020533,CONTROL,0,3
CMBL,1,1,100.0,0.0,0.0,0.0,-6.8358849038596965,-6.864021407918984,CONTROL,0,3
CMTM5,1,1,100.0,0.0,1.0,0.0,-6.095258920569547,-6.164041864319682,CONTROL,0,3
CRK,1,1,100.0,0.0,1.0,0.0,-4.974665481342385,-5.098921271428954,CONTROL,0,3
CRYZ,1,0,100.0,0.0,1.0,0.0,-4.7444018044419884,-4.842008428562383,CONTROL,0,3
CT45A3,1,1,100.0,0.0,1.0,0.0,-5.099484168694645,-5.262171124690133,CONTROL,0,3
CT83,1,1,100.0,0.0,0.0,0.0,-5.032258016040733,-5.023558994817734,CONTROL,0,3
CTAG1A,1,1,100.0,0.0,1.0,0.0,-6.547595954923893,-6.522881429173736,CONTROL,0,3
CYYR1,1,1,100.0,0.0,0.0,0.0,-6.539422592371034,-6.422028862349662,CONTROL,0,3
DDTL,2,1,100.0,0.0,0.5,0.0,-5.2357681636767515,-5.205866169914923,CONTROL,0,3
DDX17,1,1,100.0,0.0,0.0,0.0,-4.899715015633832,-4.93699877523394,CONTROL,0,3
DENND4C,1,1,100.0,0.0,1.0,0.0,-6.175016740099279,-6.267380507932184,CONTROL,0,3
DNASE1L1,2,2,100.0,0.0,1.0,0.0,-6.546094861488845,-6.5622530300296,CONTROL,0,3
DNMT3L,1,1,100.0,0.0,0.0,0.0,-5.464313301082471,-5.434938962901774,CONTROL,0,3
DRC12,1,1,100.0,0.0,1.0,0.0,-4.443607590994164,-4.503657617271668,CONTROL,0,3
E4F1,1,0,100.0,0.0,0.0,0.0,-7.0,-7.0,CONTROL,0,3
EMD,1,1,100.0,0.0,1.0,0.0,-7.0,-7.0,CONTROL,0,3
ENKD1,1,1,100.0,0.0,1.0,0.0,-6.917111573732745,-7.0,CONTROL,0,3
ENOX2,1,1,100.0,0.0,0.0,0.0,-5.550136593848948,-5.369260242268778,CONTROL,0,3
ENSA,1,1,100.0,0.0,1.0,0.0,-4.174789887495124,-4.217681261218068,CONTROL,0,3
EOLA2,1,0,100.0,0.0,1.0,0.0,-7.0,-7.0,CONTROL,0,3
ESX1,1,1,100.0,0.0,0.0,0.0,-3.162840042568767,-3.1199817597840473,CONTROL,0,3
EVI2B,2,2,100.0,0.0,0.0,0.0,-5.622480417053781,-5.752147235881177,CONTROL,0,3
FAM120C,1,1,100.0,0.0,0.0,0.0,-4.924439279212419,-4.9633419050881775,CONTROL,0,3
FAT1,1,1,100.0,0.0,1.0,0.0,-7.0,-7.0,CONTROL,0,3
FAT4,1,1,100.0,0.0,1.0,0.0,-4.687173727648198,-4.741880397503343,CONTROL,0,3
FBP2,1,1,100.0,0.0,0.0,0.0,-5.82973891477672,-5.844545560745174,CONTROL,0,3
FGF2,1,0,100.0,0.0,1.0,0.0,-5.978120254182798,-6.070047957515403,CONTROL,0,3
FOCAD,1,1,100.0,0.0,1.0,0.0,-7.0,-7.0,CONTROL,0,3
FOXD3,1,1,100.0,0.0,0.0,0.0,-4.5693818550364345,-4.434948147804934,CONTROL,0,3
FOXR1,1,1,100.0,0.0,1.0,0.0,-5.282344438177605,-5.4147522948713664,CONTROL,0,3
GAB2,1,1,100.0,0.0,0.0,0.0,-7.0,-7.0,CONTROL,0,3
GAB3,1,1,100.0,0.0,0.0,0.0,-5.283059858070039,-5.140022680424311,CONTROL,0,3
GABPA,1,1,100.0,0.0,1.0,0.0,-4.565335503138881,-4.558395833713619,CONTROL,0,3
GABRA3,1,1,100.0,0.0,1.0,0.0,-5.703769907759768,-5.778502966536844,CONTROL,0,3
GGPS1,1,1,100.0,0.0,1.0,0.0,-7.0,-6.872297211649789,CONTROL,0,3
GGT5,1,1,100.0,0.0,0.0,0.0,-5.9914145554573865,-6.15234926849713,CONTROL,0,3
GPR179,2,2,100.0,0.0,0.0,0.0,-6.446220883441273,-6.450213675401287,CONTROL,0,3
GPRASP3,1,1,100.0,0.0,0.0,0.0,-6.722484714058414,-6.669531441226755,CONTROL,0,3
GSTT2,1,1,100.0,0.0,1.0,0.0,-6.296361062135156,-6.360051153643126,CONTROL,0,3
GUF1,2,2,100.0,0.0,0.0,0.0,-5.208734120617003,-5.161507712602503,CONTROL,0,3
HDGFL2,2,2,100.0,0.0,1.0,0.0,-6.684452753064312,-6.615449125105995,CONTROL,0,3
HSPB2,1,1,100.0,0.0,1.0,0.0,-6.1662550831094105,-6.102357325053898,CONTROL,0,3
HTR3A,1,1,100.0,0.0,1.0,0.0,-6.4769532350507175,-6.432093677485925,CONTROL,0,3
IFI27L2,1,1,100.0,0.0,0.0,0.0,-5.3928387524591175,-5.299327932202268,CONTROL,0,3
IFNA13,1,1,100.0,0.0,0.0,0.0,-4.648802816290907,-4.6375945484799965,CONTROL,0,3
IFNA6,1,1,100.0,0.0,0.0,0.0,-4.041638816719839,-4.083435039034765,CONTROL,0,3
IFT43,1,1,100.0,0.0,0.0,0.0,-4.058215941403931,-4.0112919029768275,CONTROL,0,3
ING2,1,0,100.0,0.0,1.0,0.0,-5.7173585302704755,-5.587753188274571,CONTROL,0,3
INPP4B,2,2,100.0,0.0,0.0,0.0,-6.351690324765611,-6.480336618094592,CONTROL,0,3
IRAK1,1,1,100.0,0.0,0.0,0.0,-7.0,-7.0,CONTROL,0,3
KIAA1671,1,1,100.0,0.0,0.0,0.0,-5.751617975793517,-5.7822672974211775,CONTROL,0,3
KLHL33,1,1,100.0,0.0,0.0,0.0,-4.66013877342075,-4.70806249692607,CONTROL,0,3
KRTAP13-3,2,2,100.0,0.0,0.0,0.0,-5.8362183857920495,-5.861703542577284,CONTROL,0,3
KRTAP22-2,1,1,100.0,0.0,1.0,0.0,-4.483609178520519,-4.774490116502404,CONTROL,0,3
LCAT,40,25,100.0,37.5,1.0,52.5,-5.591449406861711,-5.572729856010492,CONTROL,0,3
LCE2A,1,1,100.0,0.0,0.0,0.0,-4.6651428554169385,-4.824556060570311,CONTROL,0,3
LINC00323,1,1,100.0,0.0,1.0,0.0,-4.767603874444915,-4.97381591507243,CONTROL,0,3
LINC01099,1,1,100.0,0.0,1.0,0.0,-5.114835134724099,-4.928637819824198,CONTROL,0,3
LINC01687,1,1,100.0,0.0,0.0,0.0,-4.410934019262312,-4.32343568099585,CONTROL,0,3
LOC100288728,1,1,100.0,0.0,0.0,0.0,-4.88697363361853,-4.847220883449686,CONTROL,0,3
LOC100506403,1,1,100.0,0.0,0.0,0.0,-6.819295567389561,-6.75515691186264,CONTROL,0,3
LOC102724883,1,1,100.0,0.0,1.0,0.0,-4.907597988532302,-4.906566321138498,CONTROL,0,3
LOC105369308,1,1,100.0,0.0,0.0,0.0,-3.6586460739400377,-3.8392258832555446,CONTROL,0,3
LOC105377134,1,1,100.0,0.0,0.0,0.0,-4.893614297966012,-4.569902354576198,CONTROL,0,3
LOC107988025,1,1,100.0,0.0,1.0,0.0,-5.7857471047581805,-5.802145919059309,CONTROL,0,3
LOC110120798,1,1,100.0,0.0,1.0,0.0,-7.0,-7.0,CONTROL,0,3
LOC112694733,1,1,100.0,0.0,0.0,0.0,-4.051843026514546,-3.894401802777533,CONTROL,0,3
LOC116158512,1,1,100.0,0.0,0.0,0.0,-7.0,-7.0,CONTROL,0,3
LOC121056751,1,1,100.0,0.0,0.0,0.0,-7.0,-7.0,CONTROL,0,3
LOC121853044,1,1,100.0,0.0,0.0,0.0,-4.183371946812959,-4.298132471753249,CONTROL,0,3
LOC122152356,1,1,100.0,0.0,1.0,0.0,-6.84428648772755,-6.85241951523956,CONTROL,0,3
LOC122152358,1,1,100.0,0.0,0.0,0.0,-6.08182040422172,-6.084200257529503,CONTROL,0,3
LOC124310616,1,1,100.0,0.0,0.0,0.0,-7.0,-7.0,CONTROL,0,3
LOC124416905,1,1,100.0,0.0,0.0,0.0,-6.856564161827741,-6.8276655895383715,CONTROL,0,3
LOC124625831,1,1,100.0,0.0,1.0,0.0,-5.813784001526156,-5.780941008180109,CONTROL,0,3
LOC126653322,1,1,100.0,0.0,1.0,0.0,-4.969414857828555,-4.915978141252944,CONTROL,0,3
LOC126653353,1,1,100.0,0.0,0.0,0.0,-2.7097686002188808,-2.5552371026908,CONTROL,0,3
LOC126806056,1,1,100.0,0.0,1.0,0.0,-4.995366611560392,-5.014083732167852,CONTROL,0,3
LOC126807155,1,1,100.0,0.0,0.0,0.0,-7.0,-7.0,CONTROL,0,3
LOC126807230,1,0,100.0,0.0,0.0,0.0,-5.9731320170294655,-6.044989533951489,CONTROL,0,3
LOC126807234,2,2,100.0,0.0,1.0,0.0,-5.887992357364098,-5.92199955428368,CONTROL,0,3
LOC126807243,1,0,100.0,0.0,0.0,0.0,-6.033557053505211,-6.120549054562582,CONTROL,0,3
LOC126807253,1,1,100.0,0.0,0.0,0.0,-4.365285221639945,-4.360734457755746,CONTROL,0,3
LOC126807282,1,1,100.0,0.0,0.0,0.0,-5.983018510353202,-6.116916554253092,CONTROL,0,3
LOC126807294,1,1,100.0,0.0,0.0,0.0,-6.012655836456992,-6.253833069761762,CONTROL,0,3
LOC126807300,1,1,100.0,0.0,0.0,0.0,-4.77103611437876,-4.817147880918327,CONTROL,0,3
LOC126807308,1,1,100.0,0.0,0.0,0.0,-6.517483724868624,-6.549035049328969,CONTROL,0,3
LOC126807318,1,1,100.0,0.0,1.0,0.0,-6.0040651897353365,-5.997955182749866,CONTROL,0,3
LOC126807380,1,1,100.0,0.0,1.0,0.0,-5.12526119183747,-5.087488594051204,CONTROL,0,3
LOC126860599,1,1,100.0,0.0,0.0,0.0,-7.0,-7.0,CONTROL,0,3
LOC126860732,1,1,100.0,0.0,0.0,0.0,-7.0,-7.0,CONTROL,0,3
LOC126861402,1,1,100.0,0.0,0.0,0.0,-7.0,-7.0,CONTROL,0,3
LOC126862465,1,1,100.0,0.0,0.0,0.0,-7.0,-7.0,CONTROL,0,3
LOC129388792,1,1,100.0,0.0,1.0,0.0,-7.0,-7.0,CONTROL,0,3
LOC129389257,1,1,100.0,0.0,0.0,0.0,-4.084582798052823,-4.059960040832862,CONTROL,0,3
LOC129390798,1,1,100.0,0.0,1.0,0.0,-6.278209465319898,-6.271891548273328,CONTROL,0,3
LOC129391039,1,1,100.0,0.0,0.0,0.0,-7.0,-7.0,CONTROL,0,3
LOC129932655,1,1,100.0,0.0,0.0,0.0,-7.0,-7.0,CONTROL,0,3
LOC129932657,1,1,100.0,0.0,0.0,0.0,-6.353361047129711,-6.616654507639908,CONTROL,0,3
LOC129932748,1,1,100.0,0.0,1.0,0.0,-4.555887830146678,-4.577286405066869,CONTROL,0,3
LOC129932820,1,1,100.0,0.0,0.0,0.0,-6.664319407670386,-7.0,CONTROL,0,3
LOC129932841,1,1,100.0,0.0,1.0,0.0,-5.630353634226174,-5.462689221897792,CONTROL,0,3
LOC129932905,1,1,100.0,0.0,0.0,0.0,-5.256405514068539,-5.406633201269376,CONTROL,0,3
LOC129932959,1,1,100.0,0.0,1.0,0.0,-3.8289566774457895,-4.075118551391987,CONTROL,0,3
LOC129993130,1,1,100.0,0.0,0.0,0.0,-5.664339525467172,-5.722745959695122,CONTROL,0,3
LOC129993222,2,2,100.0,0.0,1.0,0.0,-5.376432819633321,-5.339640717816499,CONTROL,0,3
LOC129993358,1,1,100.0,0.0,0.0,0.0,-3.6729710041945567,-3.810095798800272,CONTROL,0,3
LOC129993405,1,1,100.0,0.0,0.0,0.0,-5.783818833810974,-5.865927823579169,CONTROL,0,3
LOC129993452,1,1,100.0,0.0,1.0,0.0,-5.350388990188604,-5.1332683467141145,CONTROL,0,3
LOC129993456,1,1,100.0,0.0,1.0,0.0,-5.860603150182017,-5.785021139151365,CONTROL,0,3
LOC129993487,1,0,100.0,0.0,1.0,0.0,-7.0,-7.0,CONTROL,0,3
LOC129993535,1,1,100.0,0.0,0.0,0.0,-3.80639585335857,-3.7550643767013216,CONTROL,0,3
LOC129993541,1,1,100.0,0.0,0.0,0.0,-4.736154454578568,-4.793450453597111,CONTROL,0,3
LOC129993555,1,1,100.0,0.0,0.0,0.0,-4.717781287601068,-4.652855532328819,CONTROL,0,3
LOC129993574,1,1,100.0,0.0,0.0,0.0,-5.88255139556129,-5.6936379614466395,CONTROL,0,3
LOC129993581,1,1,100.0,0.0,0.0,0.0,-6.196822435154023,-6.189196432627437,CONTROL,0,3
LOC129993584,1,1,100.0,0.0,0.0,0.0,-7.0,-7.0,CONTROL,0,3
LOC129993594,2,2,100.0,0.0,1.0,0.0,-6.431710623200434,-6.489981808917919,CONTROL,0,3
LOC129993655,1,1,100.0,0.0,0.0,0.0,-5.737463525193967,-5.544184601618467,CONTROL,0,3
LOC129993670,1,1,100.0,0.0,0.0,0.0,-7.0,-7.0,CONTROL,0,3
LOC129993771,1,1,100.0,0.0,0.0,0.0,-6.260368577831823,-6.157108829938718,CONTROL,0,3
LOC130001653,1,1,100.0,0.0,0.0,0.0,-5.536409800277265,-5.663528388104584,CONTROL,0,3
LOC130001711,1,1,100.0,0.0,0.0,0.0,-4.025400419132696,-3.841104176131986,CONTROL,0,3
LOC130001815,1,1,100.0,0.0,0.0,0.0,-3.7137050260436704,-3.870548538642292,CONTROL,0,3
LOC130002668,1,1,100.0,0.0,0.0,0.0,-5.634620540496226,-5.640050012207066,CONTROL,0,3
LOC130003134,1,1,100.0,0.0,0.0,0.0,-7.0,-7.0,CONTROL,0,3
LOC130004644,1,1,100.0,0.0,0.0,0.0,-6.529199598243328,-6.522829038799685,CONTROL,0,3
LOC130004966,1,1,100.0,0.0,0.0,0.0,-5.63201944053273,-5.346674314423574,CONTROL,0,3
LOC130006902,1,1,100.0,0.0,0.0,0.0,-4.137816012350249,-4.313098018841921,CONTROL,0,3
LOC130055288,1,1,100.0,0.0,0.0,0.0,-6.2495776147558635,-6.2398912293263695,CONTROL,0,3
LOC130055610,1,0,100.0,0.0,0.0,0.0,-7.0,-7.0,CONTROL,0,3
LOC130058104,1,1,100.0,0.0,1.0,0.0,-5.982794606884709,-6.117513125744825,CONTROL,0,3
LOC130058252,1,1,100.0,0.0,1.0,0.0,-4.4022613808836155,-4.5225590918910825,CONTROL,0,3
LOC130058255,1,1,100.0,0.0,1.0,0.0,-5.2598437490536485,-5.399422268982638,CONTROL,0,3
LOC130058425,1,1,100.0,0.0,0.0,0.0,-7.0,-7.0,CONTROL,0,3
LOC130059247,1,1,100.0,0.0,0.0,0.0,-4.696965736306041,-4.877425867816554,CONTROL,0,3
LOC130059472,1,1,100.0,0.0,0.0,0.0,-7.0,-7.0,CONTROL,0,3
LOC130059558,1,1,100.0,0.0,0.0,0.0,-5.674204770977135,-5.547996165690162,CONTROL,0,3
LOC130059604,1,1,100.0,0.0,1.0,0.0,-5.030033770576378,-5.082565733840637,CONTROL,0,3
LOC130059931,1,1,100.0,0.0,0.0,0.0,-7.0,-7.0,CONTROL,0,3
LOC130059979,1,1,100.0,0.0,1.0,0.0,-4.687951553745478,-4.601625996008443,CONTROL,0,3
LOC130060079,1,1,100.0,0.0,1.0,0.0,-6.289067467189165,-6.1768201240881195,CONTROL,0,3
LOC130061427,1,1,100.0,0.0,1.0,0.0,-5.810029589732457,-5.495007671273081,CONTROL,0,3
LOC130064108,1,1,100.0,0.0,0.0,0.0,-5.964873949173786,-6.140427717617579,CONTROL,0,3
LOC130066568,1,1,100.0,0.0,0.0,0.0,-7.0,-7.0,CONTROL,0,3
LOC130066578,1,1,100.0,0.0,0.0,0.0,-6.892390620117504,-7.0,CONTROL,0,3
LOC130066601,1,1,100.0,0.0,0.0,0.0,-6.166609673222027,-6.183848764658676,CONTROL,0,3
LOC130066619,1,1,100.0,0.0,0.0,0.0,-6.086374163938166,-6.113906297328605,CONTROL,0,3
LOC130066825,1,1,100.0,0.0,1.0,0.0,-5.818895732991909,-5.630170282786104,CONTROL,0,3
LOC130066854,1,1,100.0,0.0,0.0,0.0,-7.0,-7.0,CONTROL,0,3
LOC130066861,2,2,100.0,0.0,0.0,0.0,-6.313776062386567,-6.325376254352108,CONTROL,0,3
LOC130067046,1,1,100.0,0.0,0.0,0.0,-7.0,-7.0,CONTROL,0,3
LOC130068843,1,1,100.0,0.0,0.0,0.0,-6.326217740037558,-6.169972617352831,CONTROL,0,3
LOC132089640,1,1,100.0,0.0,0.0,0.0,-5.523556445448512,-5.485471445090736,CONTROL,0,3
LOC132089684,1,1,100.0,0.0,0.0,0.0,-4.303609726588121,-4.505803654741222,CONTROL,0,3
LOC132090471,1,1,100.0,0.0,0.0,0.0,-6.017457195080409,-5.9402945462238685,CONTROL,0,3
LRRC14B,1,1,100.0,0.0,1.0,0.0,-6.798326273712322,-6.774601258352219,CONTROL,0,3
MED27,1,1,100.0,0.0,1.0,0.0,-5.296637196554899,-5.323989976723002,CONTROL,0,3
MIA2,1,1,100.0,0.0,1.0,0.0,-7.0,-7.0,CONTROL,0,3
MIER2,1,0,100.0,0.0,1.0,0.0,-6.364520691352194,-6.488577459404484,CONTROL,0,3
MIR105-1,1,1,100.0,0.0,1.0,0.0,-7.0,-7.0,CONTROL,0,3
MIR126,1,1,100.0,0.0,0.0,0.0,-4.669880731334913,-4.640671425953303,CONTROL,0,3
MIR181C,1,1,100.0,0.0,1.0,0.0,-5.591973844916986,-5.696810625623769,CONTROL,0,3
MIR448,1,1,100.0,0.0,0.0,0.0,-5.169840835367136,-5.216136542411246,CONTROL,0,3
MIR98,1,1,100.0,0.0,1.0,0.0,-5.867199599337055,-5.835696463784558,CONTROL,0,3
MPZL2,1,0,100.0,0.0,0.0,0.0,-7.0,-7.0,CONTROL,0,3
MSMP,1,0,100.0,0.0,0.0,0.0,-4.460738714032634,-4.680619947874053,CONTROL,0,3
N6AMT1,1,1,100.0,0.0,1.0,0.0,-6.213747938508491,-6.3553540088611165,CONTROL,0,3
NAA10,27,12,100.0,11.11111111111111,1.2592592592592593,81.48148148148148,-5.728675184312302,-5.753162884928972,CONTROL,0,3
NBR2,1,1,100.0,0.0,0.0,0.0,-4.361511433604455,-4.388841400206927,CONTROL,0,3
NDUFS6,1,1,100.0,0.0,0.0,0.0,-6.617108991943921,-6.581393177529351,CONTROL,0,3
NR1D1,1,1,100.0,100.0,1.0,0.0,-6.351572868184271,-6.369292125284147,CONTROL,0,3
NT5C2,1,0,100.0,0.0,0.0,0.0,-5.370114375335641,-5.3926238614522894,CONTROL,0,3
NT5C3B,1,1,100.0,0.0,1.0,0.0,-5.563990595062406,-5.779335108385329,CONTROL,0,3
NXT2,1,1,100.0,0.0,0.0,0.0,-5.305281675246134,-5.1762425778087024,CONTROL,0,3
OCRL,1,1,100.0,0.0,1.0,0.0,-7.0,-7.0,CONTROL,0,3
OPN1LW,1,1,100.0,0.0,1.0,0.0,-6.343661798596003,-6.344179604871027,CONTROL,0,3
OPN1MW2,3,3,100.0,0.0,0.3333333333333333,0.0,-6.1410991533905905,-6.137046579083495,CONTROL,0,3
OR11L1,1,1,100.0,0.0,0.0,0.0,-6.32578422575776,-6.436921657056831,CONTROL,0,3
OR14L1,2,2,100.0,0.0,0.5,0.0,-6.624906146365291,-6.75541233162057,CONTROL,0,3
OR1N2,1,1,100.0,0.0,0.0,0.0,-6.730122324083569,-6.777117711299401,CONTROL,0,3
OR3A1,1,1,100.0,0.0,1.0,0.0,-5.404412534082124,-5.521984147924225,CONTROL,0,3
PDPK1,1,1,100.0,0.0,0.0,0.0,-5.6996673266863755,-5.679212318343282,CONTROL,0,3
PDZD4,1,1,100.0,0.0,0.0,0.0,-4.546200460128121,-4.577366241610661,CONTROL,0,3
PGBD2,3,3,100.0,0.0,0.0,0.0,-6.386908825153282,-6.456505119654818,CONTROL,0,3
PITPNM3,1,1,100.0,0.0,1.0,0.0,-5.758064866485718,-5.6375757416363745,CONTROL,0,3
PKN1,2,2,100.0,0.0,0.0,0.0,-5.18741287618257,-5.140407261328181,CONTROL,0,3
PORCN,1,1,100.0,0.0,0.0,0.0,-6.002124724695571,-5.7170004775432455,CONTROL,0,3
PPM1D,1,1,100.0,0.0,0.0,0.0,-5.904531028260206,-5.9797405035865365,CONTROL,0,3
PRSS12,2,2,100.0,0.0,0.0,0.0,-4.645575851423652,-4.702652042848954,CONTROL,0,3
PRSS38,1,1,100.0,0.0,0.0,0.0,-5.346785681362796,-5.261799708342353,CONTROL,0,3
PRUNE2,1,0,100.0,0.0,0.0,0.0,-5.853512377106568,-5.856949476385404,CONTROL,0,3
PRXL2A,1,1,100.0,0.0,0.0,0.0,-7.0,-7.0,CONTROL,0,3
PSMD10,1,1,100.0,0.0,0.0,0.0,-6.188001557250394,-6.281817568183749,CONTROL,0,3
PTBP2,3,3,100.0,0.0,0.0,0.0,-6.449805481413082,-6.3525861639987875,CONTROL,0,3
PTX4,1,1,100.0,0.0,0.0,0.0,-4.55113768702713,-4.629400257139285,CONTROL,0,3
RAB33A,1,1,100.0,0.0,0.0,0.0,-6.507548340449366,-6.6514076397800945,CONTROL,0,3
RBMX2,1,1,100.0,0.0,0.0,0.0,-5.188390558179972,-4.970725747866243,CONTROL,0,3
RLN2,1,1,100.0,0.0,1.0,0.0,-5.385362431845638,-5.298267470296317,CONTROL,0,3
ROR1,1,1,100.0,0.0,1.0,0.0,-5.803428273242589,-5.865191447789629,CONTROL,0,3
RPL39,1,1,100.0,0.0,0.0,0.0,-7.0,-7.0,CONTROL,0,3
RRAGB,1,1,100.0,0.0,0.0,0.0,-5.0993536497146446,-5.228885194917667,CONTROL,0,3
SAXO1,1,1,100.0,0.0,0.0,0.0,-5.497761804815464,-5.65510499395321,CONTROL,0,3
SCN2B,1,1,100.0,0.0,0.0,0.0,-6.031793843398671,-5.937496258376391,CONTROL,0,3
SDHD,1,1,100.0,0.0,0.0,0.0,-4.4842651649745005,-4.383403574403994,CONTROL,0,3
SLC44A5,1,1,100.0,0.0,1.0,0.0,-7.0,-7.0,CONTROL,0,3
SLC7A11-AS1,1,1,100.0,0.0,1.0,0.0,-4.6777141561338045,-4.523582654974425,CONTROL,0,3
SMARCB1,1,0,100.0,0.0,0.0,0.0,-7.0,-7.0,CONTROL,0,3
SMYD4,1,1,100.0,0.0,0.0,0.0,-5.805585873720804,-5.919706236615354,CONTROL,0,3
SNRNP25,2,2,100.0,0.0,0.0,0.0,-6.164053158704437,-6.300856919790364,CONTROL,0,3
SNX19,1,1,100.0,0.0,1.0,0.0,-5.8185894270635785,-5.918114642302198,CONTROL,0,3
SPATA31F1,1,1,100.0,0.0,1.0,0.0,-7.0,-7.0,CONTROL,0,3
SPCS3,1,1,100.0,0.0,1.0,0.0,-6.158928926326322,-6.065862615972817,CONTROL,0,3
SPRR1B,1,1,100.0,0.0,0.0,0.0,-7.0,-7.0,CONTROL,0,3
SPRTN,1,1,100.0,0.0,1.0,0.0,-7.0,-7.0,CONTROL,0,3
ST3GAL2,1,1,100.0,0.0,0.0,0.0,-5.630146682713435,-5.408031874082257,CONTROL,0,3
SYN1,1,1,100.0,0.0,1.0,0.0,-6.772053369492149,-6.810819227844428,CONTROL,0,3
TAS2R1,1,1,100.0,0.0,1.0,0.0,-5.954272140372766,-6.181528586094943,CONTROL,0,3
TCF20,1,1,100.0,0.0,0.0,0.0,-7.0,-7.0,CONTROL,0,3
TERB1,2,2,100.0,0.0,0.0,0.0,-6.271478277389053,-6.220630418234235,CONTROL,0,3
TERT,1,1,100.0,0.0,0.0,0.0,-7.0,-7.0,CONTROL,0,3
TIAL1,1,1,100.0,0.0,0.0,0.0,-3.4082465636074595,-3.340398731552706,CONTROL,0,3
TMEM114,1,1,100.0,0.0,1.0,0.0,-7.0,-7.0,CONTROL,0,3
TMEM179B,1,1,100.0,0.0,0.0,0.0,-3.841288373498848,-3.926038920354912,CONTROL,0,3
TMEM187,2,2,100.0,0.0,0.5,0.0,-5.968407773016124,-6.039906576227488,CONTROL,0,3
TRARG1,1,1,100.0,0.0,0.0,0.0,-7.0,-6.980930174345658,CONTROL,0,3
TRMT1,1,1,100.0,0.0,0.0,0.0,-7.0,-7.0,CONTROL,0,3
UBE2R2,1,1,100.0,0.0,0.0,0.0,-5.495966070892615,-5.546405426101857,CONTROL,0,3
UBE4A,1,1,100.0,0.0,1.0,0.0,-7.0,-7.0,CONTROL,0,3
URB2,1,1,100.0,0.0,1.0,0.0,-7.0,-7.0,CONTROL,0,3
VPREB3,1,1,100.0,0.0,0.0,0.0,-3.3796479465232667,-3.2669274886220014,CONTROL,0,3
VPS45,2,2,100.0,0.0,1.0,0.0,-6.584422868811949,-6.577378605217751,CONTROL,0,3
VWA2,1,1,100.0,0.0,0.0,0.0,-5.990485879385994,-5.944371483845946,CONTROL,0,3
XIAP,1,1,100.0,0.0,0.0,0.0,-5.100578190715392,-5.066219595786884,CONTROL,0,3
ZDHHC21,1,0,100.0,0.0,1.0,0.0,-4.806440741869872,-4.71930378818258,CONTROL,0,3
DORIP1,1,1,100.0,0.0,1.0,0.0,-7.0,-7.0,CONTROL,0,4
FCN2,1,0,100.0,100.0,1.0,0.0,-7.0,-7.0,CONTROL,0,4
ASCL5,1,0,100.0,0.0,1.0,100.0,-5.5511262449848955,-5.5161848850765995,CONTROL,0,5
DNALI1,2,2,100.0,50.0,0.0,0.0,-5.724454933720089,-5.888610091182269,CONTROL,0,5
EVX2,2,1,100.0,0.0,0.5,0.0,-5.580067868541459,-5.645326149592461,CONTROL,0,5
HBD,14,12,100.0,21.428571428571427,0.21428571428571427,21.428571428571427,-5.807764713175284,-5.789555535065504,CONTROL,0,5
MZT2B,2,1,100.0,0.0,0.5,50.0,-5.327286174113524,-5.297228978842598,CONTROL,0,5
ARHGEF35,1,1,100.0,0.0,1.0,0.0,-5.603919646401715,-5.504703243510191,CONTROL,0,6
FOXC1,168,128,100.0,63.69047619047619,0.9464285714285714,18.452380952380953,-5.981221182747104,-5.977721169350401,CONTROL,0,6
HMBS,181,147,100.0,59.11602209944752,1.011049723756906,26.519337016574585,-6.0102723122635195,-6.010187326547217,CONTROL,0,6
KLLN,15,11,100.0,0.0,0.9333333333333333,0.0,-5.921885394007722,-5.912765550653589,CONTROL,0,6
PROCA1,1,1,100.0,0.0,1.0,0.0,-7.0,-7.0,CONTROL,0,6
TIGD1,3,1,100.0,66.66666666666666,1.0,0.0,-6.61974290920359,-6.547743171486892,CONTROL,0,6
ARL2,1,1,100.0,0.0,0.0,0.0,-5.521283165136277,-5.5186029381832435,CONTROL,0,7
CEP19,7,7,100.0,14.285714285714285,0.42857142857142855,0.0,-6.387641514575871,-6.352971374450872,CONTROL,0,7
IRF3,1,0,100.0,0.0,0.0,0.0,-6.401421710497003,-6.2620393165050565,CONTROL,0,7
KHDC3L,4,3,100.0,75.0,0.25,25.0,-5.818059350438888,-5.867171901259865,CONTROL,0,7
KRT2,11,7,100.0,0.0,0.7272727272727273,100.0,-6.042751201766509,-6.044167551735118,CONTROL,0,7
LIPT1,7,2,100.0,42.857142857142854,1.2857142857142858,57.14285714285714,-6.055568770814166,-6.02627099411133,CONTROL,0,7
SOCS1,10,6,100.0,70.0,0.8,20.0,-6.009934230612705,-5.966297878977312,CONTROL,0,7
APOC1,1,1,100.0,0.0,1.0,0.0,-7.0,-7.0,CONTROL,0,8
CALML6,3,1,100.0,0.0,0.3333333333333333,0.0,-6.11094450707466,-6.029824943065338,CONTROL,0,8
PIM1,1,1,100.0,0.0,1.0,0.0,-7.0,-7.0,CONTROL,0,8
SCNM1,3,3,100.0,33.33333333333333,0.0,33.33333333333333,-6.041341758300949,-6.046906598671586,CONTROL,0,8
ZSCAN10,5,5,100.0,60.0,0.6,0.0,-6.3421533284798155,-6.341869787292538,CONTROL,0,8
DUT,1,0,100.0,0.0,1.0,100.0,-5.28850820052034,-5.182275199585446,CONTROL,0,9
ELANE,110,55,100.0,24.545454545454547,1.0,61.81818181818181,-5.62104235897653,-5.601903649427503,CONTROL,0,9
KRT85,1,1,100.0,100.0,0.0,0.0,-7.0,-7.0,CONTROL,0,9
LRRC14B,2,2,100.0,0.0,0.5,0.0,-6.331523644724726,-6.267125636419498,CONTROL,0,9
MC4R,65,40,100.0,40.0,0.9846153846153847,50.76923076923077,-5.825840644384077,-5.824717597424744,CONTROL,0,9
NDUFV1,55,32,100.0,69.0909090909091,1.2727272727272727,21.818181818181817,-6.16477527673285,-6.179185796103544,CONTROL,0,9
RBM8A,7,6,100.0,42.857142857142854,0.8571428571428571,0.0,-5.944799794981999,-5.977648716134452,CONTROL,0,9
