gene,n_variants,n_pathogenic,pct_rare,pct_lof,mean_review_stars,pct_missense,mean_gnomad_af_global_log,mean_gnomad_af_nfe_log,subtype,is_scoliosis,umap_1,umap_2,kmeans_cluster
ADGRG6,9.0,5.0,100.0,77.77777777777779,1.1111111111111112,11.11111111111111,-5.954253223536919,-5.921625507774918,CILIARY,1,9.477011,24.661583,0
CHD7,153.0,102.0,100.0,82.35294117647058,0.9411764705882352,13.725490196078432,-6.1746662108754045,-6.177780620539955,NEUROMUSCULAR,1,10.16668,23.183615,0
COL11A1,267.0,136.0,100.0,68.91385767790263,1.0187265917602997,16.10486891385768,-5.8627463462800025,-5.866062047459548,ECM,1,10.237526,23.135899,0
COL11A2,197.0,127.0,100.0,84.77157360406092,1.116751269035533,10.65989847715736,-6.04246733665205,-6.039267796497105,ECM,1,10.190603,23.129625,0
COL1A1,838.0,621.0,100.0,62.29116945107399,1.0739856801909309,30.668257756563243,-5.9714976771484025,-5.966575490179561,ECM,1,10.185695,23.170534,1
COL5A1,383.0,278.0,100.0,77.54569190600522,1.08355091383812,8.87728459530026,-6.008499671828046,-6.01040294836793,ECM,1,10.164181,23.203403,0
DLL3,51.0,38.0,100.0,90.19607843137256,1.196078431372549,5.88235294117647,-6.018952545148382,-5.998255643861885,VERTEBRAL_DEV,1,9.368002,24.278893,0
DSCAM,6.0,3.0,100.0,66.66666666666666,0.6666666666666666,33.33333333333333,-6.273678174168858,-6.2491355071637615,CILIARY,1,10.084025,24.5876,0
FBN1,800.0,520.0,100.0,55.375,1.03125,36.375,-5.959605815235657,-5.961490734203494,ECM,1,10.261877,23.130186,1
FBN2,130.0,49.0,100.0,22.30769230769231,1.015384615384615,63.84615384615384,-5.504227482451214,-5.51474087092039,ECM,1,10.810037,23.552116,0
LBX1,2.0,1.0,100.0,50.0,0.5,0.0,-6.321723437733121,-6.328193188064664,VERTEBRAL_DEV,1,9.681484,24.919195,0
MESP2,45.0,31.0,100.0,97.77777777777776,0.8444444444444444,0.0,-6.092000931521323,-6.090284295550753,VERTEBRAL_DEV,1,9.248633,24.467867,0
PAX1,23.0,15.0,100.0,86.95652173913044,0.782608695652174,8.695652173913043,-6.2114660226779055,-6.208139580338398,VERTEBRAL_DEV,1,9.304034,24.736929,0
POC5,1.0,1.0,100.0,0.0,1.0,100.0,-7.0,-7.0,CILIARY,1,11.358617,23.347044,0
ROBO3,37.0,16.0,100.0,54.054054054054056,0.972972972972973,43.24324324324324,-6.030860937151398,-6.01699590621829,NEUROMUSCULAR,1,10.544325,23.817017,0
TBX6,25.0,16.0,100.0,80.0,0.92,8.0,-6.411999216397771,-6.377668058204147,VERTEBRAL_DEV,1,9.28656,24.602842,0
TGFBR1,115.0,61.0,100.0,37.391304347826086,1.0956521739130434,48.69565217391305,-5.651614446069035,-5.6528881389129495,ECM,1,10.537043,23.421991,0
TGFBR2,130.0,71.0,100.0,16.153846153846153,1.2307692307692308,82.3076923076923,-5.619263385562645,-5.620660582374143,ECM,1,10.809835,23.488354,0
A-GAMMA3'E,6.0,6.0,100.0,0.0,0.0,0.0,-5.415743194394791,-5.467746792855348,CONTROL,0,6.045056,9.451046,-1
A1BG,2.0,2.0,100.0,0.0,0.0,0.0,-4.907671336687724,-4.947312712645068,CONTROL,0,12.459753,16.668674,-1
A1CF,2.0,2.0,100.0,0.0,0.0,0.0,-5.506129731485108,-5.517285894563372,CONTROL,0,5.6375036,9.330956,-1
A2M,18.0,17.0,100.0,0.0,0.5,0.0,-5.914105570896277,-5.946561599436009,CONTROL,0,7.198483,3.7578504,-1
A2ML1-AS2,2.0,2.0,100.0,0.0,1.0,0.0,-6.131478297656157,-5.99756307014213,CONTROL,0,17.565954,3.521498,-1
A4GALT,3.0,3.0,100.0,0.0,0.3333333333333333,0.0,-5.655063311211118,-5.742210474549297,CONTROL,0,6.7013683,4.6672354,-1
AAAS,1.0,1.0,100.0,0.0,0.0,0.0,-5.544870230654896,-5.632283582323371,CONTROL,0,4.8239527,9.190224,-1
AADAC,1.0,1.0,100.0,0.0,1.0,0.0,-7.0,-7.0,CONTROL,0,3.788277,-6.6009674,-1
AADACL3,16.0,13.0,100.0,0.0,0.5,0.0,-5.93943482198262,-5.870302072654495,CONTROL,0,7.183542,3.7498639,-1
AADACL4,1.0,1.0,100.0,0.0,0.0,0.0,-5.818566668060832,-5.957334618816348,CONTROL,0,2.3827922,8.415839,-1
AADAT,13.5,13.5,100.0,0.0,0.62,0.0,-5.863071775612096,-5.831962955821981,CONTROL,0,7.268848,3.7005963,-1
AAGAB,3.5,3.5,100.0,0.0,0.4166666666666666,0.0,-5.588533657001852,-5.657878118543705,CONTROL,0,6.933341,4.7938037,-1
AAK1,3.5,2.0,100.0,0.0,0.2916666666666666,0.0,-5.88801461913604,-5.84491156626825,CONTROL,0,6.319604,4.104557,-1
AAR2,3.0,3.0,100.0,0.0,0.3333333333333333,0.0,-4.736186704448049,-4.796854266519349,CONTROL,0,10.824103,17.491856,-1
AARD,6.5,6.5,100.0,0.0,0.3166666666666666,0.0,-6.209986856970078,-6.142882741783653,CONTROL,0,6.119444,3.541103,-1
AARS1,3.0,2.0,100.0,0.0,0.3333333333333333,0.0,-6.155029725266603,-6.1981374565721,CONTROL,0,6.075313,3.5043025,-1
AARS2,1.0,1.0,100.0,0.0,0.0,0.0,-4.966839075950562,-4.8361715747447525,CONTROL,0,12.253402,16.903687,-1
AASDH,1.0,1.0,100.0,0.0,0.0,0.0,-6.279820701530931,-6.334336092840134,CONTROL,0,-1.9074347,6.621135,-1
AASS,2.0,2.0,100.0,0.0,0.0,0.0,-6.356700463949238,-6.501167210963319,CONTROL,0,-2.7067213,6.4790535,-1
AATBC,14.0,14.0,100.0,0.0,0.5,0.0,-5.60232516896624,-5.625869274270988,CONTROL,0,7.2537436,4.3347583,-1
AATF,2.0,2.0,100.0,0.0,0.5,0.0,-3.119812326376107,-3.1151536440654537,CONTROL,0,8.8237705,15.919357,-1
ABAT,5.5,5.5,100.0,0.0,0.0833333333333333,0.0,-5.77784712101974,-5.751690705297838,CONTROL,0,3.387308,8.881245,-1
ABCA1,6.5,6.5,100.0,0.0,0.6190476190476191,0.0,-5.934610530436913,-5.923958383905983,CONTROL,0,7.193362,3.2422566,-1
ABCA10,3.0,3.0,100.0,0.0,0.0,0.0,-5.327013123013338,-5.388368034782278,CONTROL,0,6.7164764,10.02527,-1
ABCA2,5.0,5.0,100.0,0.0,0.4,0.0,-5.922820283033561,-5.880883022914884,CONTROL,0,6.4791355,4.0768003,-1
ABCA3,7.5,7.0,100.0,0.0,0.4,0.0,-6.3998777643970755,-6.365306845291303,CONTROL,0,6.0073657,2.8954377,-1
ABCA4,1.0,1.0,100.0,0.0,1.0,0.0,-6.293759520678663,-6.454342543726282,CONTROL,0,16.469793,1.2974758,-1
ABCA6,1.0,1.0,100.0,0.0,0.0,0.0,-6.639180764522427,-6.359010220637544,CONTROL,0,-3.0733933,6.3418846,-1
ABCA7,7.0,6.0,100.0,0.0,0.4285714285714285,0.0,-5.760953783951448,-5.747142269663523,CONTROL,0,6.64059,4.43307,-1
ABCB10,7.5,7.5,100.0,0.0,0.2307692307692307,0.0,-6.031211861526867,-5.9749109475225755,CONTROL,0,6.140862,3.836208,-1
ABCB7,13.5,13.5,100.0,0.0,0.1813186813186813,0.0,-5.76934186403226,-5.7775385820046825,CONTROL,0,6.513672,4.4323053,-1
ABCB8,28.0,26.0,100.0,0.0,0.5,0.0,-5.728600164864355,-5.721422068928761,CONTROL,0,7.5988784,3.902463,-1
ABCC11,1.0,1.0,100.0,0.0,0.0,0.0,-6.298185893896966,-6.252454738140201,CONTROL,0,-1.5464374,6.6893115,-1
ABCC2,4.0,4.0,100.0,0.0,0.75,0.0,-5.946579033709133,-6.0077838884445915,CONTROL,0,7.2224255,3.2486544,-1
ABCC3,4.0,4.0,100.0,0.0,0.5,0.0,-6.701836116607403,-6.704922424251482,CONTROL,0,5.688166,2.5836685,-1
ABCC5,6.0,5.0,100.0,0.0,0.3333333333333333,0.0,-5.1081531979613874,-5.133444870431245,CONTROL,0,7.548027,5.568363,-1
ABCC8,4.0,4.0,100.0,0.0,0.0,0.0,-6.1999621104865765,-6.217912606732862,CONTROL,0,-0.85696816,6.82931,-1
ABCD1,27.0,26.5,100.0,0.0,0.7307692307692308,0.0,-5.262374198446521,-5.276778038344402,CONTROL,0,7.595582,4.761439,-1
ABCE1,1.0,1.0,100.0,0.0,1.0,0.0,-4.606601414648434,-4.506401030879694,CONTROL,0,10.677527,13.066665,-1
ABCF1,1.0,0.0,100.0,0.0,1.0,0.0,-5.938617028510605,-5.558111168383225,CONTROL,0,17.197664,7.175626,-1
ABCG1,13.0,13.0,100.0,0.0,0.606060606060606,0.0,-5.944408898417862,-5.944004904181672,CONTROL,0,7.168808,3.4915261,-1
ABCG4,10.0,10.0,100.0,0.0,0.4,0.0,-5.8654675194376305,-5.9141723752705975,CONTROL,0,6.61603,4.1254168,-1
ABHD16A,1.0,0.0,100.0,0.0,1.0,0.0,-4.606944073288964,-4.543420947913641,CONTROL,0,10.731898,13.011261,-1
ABHD17A,2.0,2.0,100.0,0.0,0.5,0.0,-6.217947176006349,-6.1918986999530095,CONTROL,0,6.5499125,2.8050342,-1
ABHD17B,3.0,2.0,100.0,0.0,0.3333333333333333,0.0,-5.025100355016405,-5.024707040886458,CONTROL,0,7.5539603,5.6123056,-1
ABHD17C,3.0,2.0,100.0,0.0,0.6666666666666666,0.0,-5.099014117199747,-5.174638329662406,CONTROL,0,7.607365,5.3398824,-1
ABHD18,6.0,6.0,100.0,0.0,0.6666666666666666,0.0,-6.051309382595766,-6.0229083627120925,CONTROL,0,7.1485877,3.1693351,-1
ABHD4,11.0,11.0,100.0,0.0,0.6363636363636364,0.0,-5.360548917748987,-5.4253585130848885,CONTROL,0,7.411689,4.9001336,-1
ABHD6,2.0,2.0,100.0,0.0,0.5,0.0,-6.575909357558167,-6.6500605021839245,CONTROL,0,5.755381,2.622299,-1
ABI1,1.5,1.5,100.0,0.0,0.25,0.0,-4.956441855384268,-5.034940835553996,CONTROL,0,7.5600457,5.6879663,-1
ABL1,2.0,1.0,100.0,0.0,1.0,0.0,-4.853554825388489,-4.864895050505553,CONTROL,0,11.56781,12.087204,-1
ABL2,1.0,1.0,100.0,0.0,0.0,0.0,-5.782084898835335,-5.834649823947076,CONTROL,0,2.98635,8.638286,-1
ABLIM3,1.5,1.5,100.0,0.0,0.0,0.0,-6.195739743638516,-6.213043178471227,CONTROL,0,-0.8883457,6.838342,-1
ABR,13.0,13.0,100.0,0.0,0.4615384615384615,0.0,-6.288747868621683,-6.291273798044875,CONTROL,0,6.438643,3.2115486,-1
ABTB2,6.0,6.0,100.0,0.0,0.3333333333333333,0.0,-5.8506980855363935,-5.864327347293847,CONTROL,0,6.470962,4.204122,-1
ACADM,12.0,10.0,100.0,0.0,0.3333333333333333,0.0,-5.663368884372789,-5.633700771535252,CONTROL,0,6.592857,4.5649195,-1
ACAP2,5.0,5.0,100.0,0.0,0.2,0.0,-5.499713703000124,-5.509648611123912,CONTROL,0,6.7604275,4.9336443,-1
ACAP3,2.0,2.0,100.0,0.0,0.5,0.0,-5.93753025484206,-5.9842520697697905,CONTROL,0,6.924657,2.7675905,-1
ACBD3,1.0,1.0,100.0,0.0,1.0,0.0,-7.0,-7.0,CONTROL,0,3.8326464,-6.6094985,-1
ACBD6,1.0,1.0,100.0,0.0,1.0,0.0,-6.185463631706661,-6.148267064575873,CONTROL,0,17.178196,2.6132271,-1
ACBD7,3.0,3.0,100.0,0.0,0.3333333333333333,0.0,-5.99270774584805,-6.019498132120355,CONTROL,0,6.150442,3.7808194,-1
ACD,3.0,2.5,100.0,0.0,0.2,0.0,-4.640299168975388,-4.757214679617788,CONTROL,0,10.8885145,17.56383,-1
ACE,3.0,3.0,100.0,0.0,1.0,0.0,-5.565015990296707,-5.522408381766707,CONTROL,0,15.866005,8.186605,-1
ACE2,6.0,6.0,100.0,0.0,0.1666666666666666,0.0,-6.229297368146728,-6.230975675458528,CONTROL,0,-1.0437497,6.6986637,-1
ACER1,1.5,1.5,100.0,0.0,0.75,0.0,-6.036206511763062,-6.086003413805335,CONTROL,0,7.173864,3.1870868,-1
ACER2,19.0,17.0,100.0,0.0,0.3684210526315789,0.0,-5.889577129072756,-5.90592711038056,CONTROL,0,7.2461534,3.8202949,-1
ACKR1,4.0,3.0,100.0,10.0,0.6333333333333333,0.0,-5.641826887282244,-5.635166234250976,CONTROL,0,7.2359147,4.49662,-1
ACMSD,4.0,4.0,100.0,0.0,0.0,0.0,-5.498333579320808,-5.488452050417478,CONTROL,0,5.732842,9.331849,-1
ACO1,2.0,1.0,100.0,0.0,0.5,0.0,-6.6553060729250415,-6.685192231264313,CONTROL,0,5.684578,2.565644,-1
ACOT7,2.0,2.0,100.0,0.0,1.0,0.0,-7.0,-7.0,CONTROL,0,3.7373195,-6.5015397,-1
ACOT8,1.0,0.0,100.0,0.0,0.0,0.0,-7.0,-7.0,CONTROL,0,-21.594095,6.913584,-1
ACOXL,1.0,1.0,100.0,0.0,1.0,0.0,-4.5147798271909,-4.533624472093837,CONTROL,0,10.474179,13.274197,-1
ACP1,1.5,1.5,100.0,0.0,0.0,0.0,-5.645054718765334,-5.720030892970844,CONTROL,0,4.075664,9.021477,-1
ACP5,3.0,2.0,100.0,0.0,0.3333333333333333,0.0,-5.627808221704886,-5.619491879915095,CONTROL,0,6.697793,4.701773,-1
ACP6,2.0,2.0,100.0,0.0,1.0,0.0,-6.073294353786565,-6.069621749001236,CONTROL,0,17.50454,3.2623162,-1
ACP7,1.0,1.0,100.0,0.0,0.0,0.0,-5.4160160067847585,-5.5327487297480875,CONTROL,0,6.0594172,9.544729,-1
ACSL1,42.0,39.0,100.0,0.0,0.5,0.0,-5.713929536913217,-5.723517827680199,CONTROL,0,7.65356,3.8532908,-1
ACSL5,1.0,1.0,100.0,0.0,1.0,0.0,-5.38269066507898,-5.591688694659077,CONTROL,0,15.511698,8.401266,-1
ACSM2A,1.0,1.0,100.0,100.0,0.0,0.0,-6.49363531728334,-6.443359100227379,CONTROL,0,8.905878,25.503225,-1
ACTA1,1.0,1.0,100.0,0.0,1.0,0.0,-5.976183090829478,-6.008681990503638,CONTROL,0,17.719526,3.886589,-1
ACTA2,1.0,1.0,100.0,0.0,0.0,0.0,-7.0,-7.0,CONTROL,0,-21.605772,6.4870076,-1
ACTG2,3.0,2.0,100.0,0.0,1.0,0.0,-6.499856359645863,-6.5316840221446695,CONTROL,0,15.854214,0.50884056,-1
ACTL7A,7.0,6.0,100.0,42.857142857142854,0.1428571428571428,57.14285714285714,-6.027228268649282,-6.037289193328661,CONTROL,0,10.470788,24.453327,-1
ACTL8,2.0,2.0,100.0,0.0,1.0,0.0,-4.540092986522108,-4.614746720243474,CONTROL,0,10.677265,13.06629,-1
ACTN2,7.0,7.0,100.0,0.0,0.2857142857142857,0.0,-6.595100557457139,-6.593295720432839,CONTROL,0,5.835246,2.756274,-1
ACTN3,3.0,2.0,100.0,0.0,0.5,0.0,-6.0380974349099965,-5.990791998120668,CONTROL,0,6.8772783,2.735499,-1
ACTR1A,1.0,1.0,100.0,0.0,1.0,0.0,-5.264716925944077,-5.214829546724352,CONTROL,0,14.347582,9.212616,-1
ACTR3C,2.0,2.0,100.0,0.0,1.0,0.0,-5.607109103382816,-5.738301000102524,CONTROL,0,16.660028,7.0295014,-1
ACTRT3,1.0,1.0,100.0,0.0,0.0,0.0,-5.207864302803396,-5.214493328388438,CONTROL,0,8.189166,10.433622,-1
ACY3,2.0,1.0,100.0,0.0,0.5,0.0,-6.889193818933481,-6.986427749527741,CONTROL,0,5.578332,2.471639,-1
ADA2,4.0,4.0,100.0,0.0,0.5,0.0,-5.4665700226537925,-5.545793775122522,CONTROL,0,7.1541553,4.828317,-1
ADAM18,20.0,20.0,100.0,0.0,0.55,0.0,-5.807175039432285,-5.82735681966144,CONTROL,0,7.466756,3.8833146,-1
ADAM28,26.0,24.5,100.0,0.0,0.4222222222222222,0.0,-5.707206431153148,-5.699497244361583,CONTROL,0,7.579306,3.8778927,-1
ADAM29,1.0,0.0,100.0,0.0,1.0,0.0,-6.670949741159417,-6.807193650292402,CONTROL,0,15.160594,-0.2976491,-1
ADAMDEC1,1.0,1.0,100.0,0.0,1.0,0.0,-5.231221358016509,-5.27460776397382,CONTROL,0,14.380171,9.183076,-1
ADAMTS1,17.0,13.0,100.0,0.0,0.5882352941176471,5.88235294117647,-5.648505879316016,-5.602053334128661,CONTROL,0,7.304328,4.2627325,-1
ADAMTS12,5.0,5.0,100.0,0.0,0.4,0.0,-5.52600730684332,-5.571817815836665,CONTROL,0,6.964404,4.8219047,-1
ADAMTS14,3.0,3.0,100.0,0.0,0.6666666666666666,0.0,-7.0,-7.0,CONTROL,0,5.508723,2.384559,-1
ADAMTS16,65.0,65.0,100.0,0.0,0.4615384615384615,0.0,-5.825739267327295,-5.845922713427057,CONTROL,0,7.7061973,3.8777616,-1
ADAMTS2,9.0,8.0,100.0,0.0,0.1111111111111111,0.0,-5.0747181309119345,-5.003958305028927,CONTROL,0,12.9504595,15.937028,-1
ADAMTS9,2.0,2.0,100.0,0.0,0.5,0.0,-6.134991631122521,-6.164914637580577,CONTROL,0,6.6683326,2.8168643,-1
ADAMTSL1,1.0,1.0,100.0,0.0,0.0,0.0,-5.881712628113974,-5.740132205898606,CONTROL,0,3.306035,9.261188,-1
ADARB2,10.0,9.0,100.0,0.0,0.2,0.0,-5.508565297402518,-5.501596762142651,CONTROL,0,6.717722,4.835823,-1
ADCY2,3.0,2.0,100.0,0.0,0.0,0.0,-5.526299398181767,-5.582804278206713,CONTROL,0,5.2261705,9.242548,-1
ADCY9,5.0,5.0,100.0,0.0,0.4,0.0,-5.7861818073486,-5.74690001425107,CONTROL,0,6.56301,4.384018,-1
ADGRA2,3.0,2.0,100.0,0.0,1.0,0.0,-5.532356366973127,-5.558159019207334,CONTROL,0,15.897747,8.154095,-1
ADGRB1,2.0,2.0,100.0,0.0,1.0,0.0,-6.3980585754269566,-6.451400811373852,CONTROL,0,16.22723,0.9707649,-1
ADGRE1,1.0,1.0,100.0,0.0,1.0,0.0,-6.04139437424707,-6.145598723543929,CONTROL,0,17.453394,3.100236,-1
ADGRE2,3.0,3.0,100.0,0.0,0.3333333333333333,0.0,-4.40473781318795,-4.3817069158210575,CONTROL,0,10.567848,17.635408,-1
ADGRE5,2.0,1.0,100.0,0.0,0.0,0.0,-5.387694044631001,-5.4908022874915385,CONTROL,0,6.1794124,9.6156645,-1
ADGRG1,3.0,2.0,100.0,0.0,1.0,0.0,-5.897511934590203,-5.936727157980537,CONTROL,0,17.711475,4.6085253,-1
ADGRL3,1.5,1.5,100.0,0.0,0.0,0.0,-5.827076516909951,-5.796904800458699,CONTROL,0,3.1716013,8.93937,-1
ADIPOR1,2.0,1.0,100.0,0.0,1.0,0.0,-3.8044629371710177,-3.7588613236712423,CONTROL,0,9.010058,15.064656,-1
ADK,2.0,2.0,100.0,0.0,0.5,0.0,-6.5462882876567505,-6.51783170302141,CONTROL,0,5.8951178,2.683553,-1
ADORA2A,28.0,21.0,100.0,0.0,0.4285714285714285,0.0,-5.620039074206727,-5.648429469324485,CONTROL,0,7.594091,3.9286766,-1
ADPGK,15.0,13.0,100.0,0.0,0.4666666666666667,0.0,-6.159425377131047,-6.155591202665178,CONTROL,0,6.6018143,3.3402872,-1
ADRB3,1.0,1.0,100.0,0.0,1.0,0.0,-7.0,-7.0,CONTROL,0,3.861283,-6.6869173,-1
ADSS2,19.0,16.0,100.0,0.0,0.5789473684210527,0.0,-6.124948885413528,-6.173647681473867,CONTROL,0,6.686151,3.3350732,-1
ADTRP,12.0,12.0,100.0,0.0,0.4166666666666667,0.0,-6.13409568483504,-6.167773688455772,CONTROL,0,6.4455466,3.2468517,-1
AFF2,1.0,1.0,100.0,0.0,0.0,0.0,-5.924287613480513,-5.867809664244512,CONTROL,0,1.861507,8.201071,-1
AFP,1.5,1.5,100.0,0.0,1.0,0.0,-6.004899459981715,-5.996308438898785,CONTROL,0,17.706705,3.8517282,-1
AGAP2,5.0,3.0,100.0,0.0,0.6,0.0,-5.2998351664457335,-5.26370974175355,CONTROL,0,7.5368567,5.3314815,-1
AGMAT,1.0,0.0,100.0,0.0,0.0,0.0,-6.558450489421038,-6.662552845053141,CONTROL,0,-3.7468202,6.186722,-1
AGPAT5,34.5,33.0,100.0,0.0,0.367827868852459,0.0,-5.726678185021401,-5.705337477843235,CONTROL,0,7.6373606,3.843736,-1
AGRP,1.0,1.0,100.0,0.0,1.0,0.0,-7.0,-7.0,CONTROL,0,3.8650427,-6.6729946,-1
AGTRAP,3.0,2.0,100.0,0.0,0.3333333333333333,0.0,-6.511418939701336,-6.543034759705598,CONTROL,0,5.930912,2.8127298,-1
AIPL1,1.0,1.0,100.0,0.0,0.0,0.0,-5.303990726795114,-5.145553946808712,CONTROL,0,8.508708,10.612015,-1
AKAP3,1.5,1.5,100.0,0.0,1.0,0.0,-4.656347543611603,-4.628532996851504,CONTROL,0,10.933935,12.802803,-1
AKAP4,9.0,9.0,100.0,0.0,0.2222222222222222,0.0,-5.734346237411137,-5.7670105541847905,CONTROL,0,6.498603,4.4646044,-1
AKAP6,4.0,4.0,100.0,0.0,0.75,0.0,-5.899150059423205,-5.928083240337922,CONTROL,0,7.2562847,3.2818503,-1
AKIP1,1.0,1.0,100.0,0.0,0.0,0.0,-6.605822428242869,-6.554988893837749,CONTROL,0,-3.6631672,6.2251368,-1
AKR1C3,2.0,2.0,100.0,0.0,1.0,0.0,-6.180418833255269,-6.339669116297847,CONTROL,0,16.947304,1.9577804,-1
AKR1D1,1.0,1.0,100.0,0.0,1.0,0.0,-4.121765239996969,-3.909102707281512,CONTROL,0,9.139416,14.831134,-1
AKT3,3.0,1.0,100.0,0.0,0.6666666666666666,0.0,-5.4296532301647815,-5.518278617079717,CONTROL,0,7.3665996,4.859948,-1
ALAS2,1.0,1.0,100.0,0.0,1.0,0.0,-5.6493599425476395,-5.64954287235318,CONTROL,0,16.771633,7.4271045,-1
ALDH1B1,3.0,3.0,100.0,0.0,0.0,0.0,-4.5466390836293975,-4.439678841290038,CONTROL,0,10.469956,17.885662,-1
ALDH4A1,1.0,1.0,100.0,0.0,1.0,0.0,-4.536048748945288,-4.413925695779604,CONTROL,0,10.0796175,13.683153,-1
ALKBH6,2.0,2.0,100.0,0.0,0.5,0.0,-5.686359438283965,-5.619033764029001,CONTROL,0,7.0306253,4.778765,-1
ALOX12,1.0,1.0,100.0,0.0,0.0,0.0,-4.285894669020903,-4.320410125255828,CONTROL,0,9.722511,17.627113,-1
AMDHD2,2.0,0.0,100.0,0.0,0.5,0.0,-5.121906139464015,-5.092758647379258,CONTROL,0,7.550837,5.4846582,-1
AMFR,1.0,1.0,100.0,0.0,1.0,0.0,-5.505371422082589,-5.516228541994764,CONTROL,0,15.824391,8.171502,-1
AMMECR1,1.0,1.0,100.0,0.0,0.0,0.0,-5.86981233231602,-5.932056569920686,CONTROL,0,2.204042,8.356036,-1
ANAPC2,1.0,0.0,100.0,0.0,1.0,0.0,-5.709528381517055,-5.7525815740707404,CONTROL,0,16.953184,6.6359553,-1
ANG,1.0,1.0,100.0,0.0,1.0,0.0,-4.214616143475711,-4.3181018104617115,CONTROL,0,9.694009,14.104355,-1
ANGPT1,2.0,2.0,100.0,0.0,0.0,0.0,-5.367583304857819,-5.321318450483425,CONTROL,0,6.742857,10.0715,-1
ANGPTL8,1.0,1.0,100.0,0.0,0.0,0.0,-6.313234718889104,-6.472543909646377,CONTROL,0,-2.4997082,6.5618033,-1
ANKDD1A,1.0,0.0,100.0,0.0,1.0,0.0,-5.620926142037387,-5.773742075656144,CONTROL,0,16.714052,6.9379,-1
ANKFY1,1.0,1.0,100.0,0.0,1.0,0.0,-6.308218291890764,-6.19889191887748,CONTROL,0,16.711695,1.9011698,-1
ANKRD13C,1.0,1.0,100.0,0.0,1.0,0.0,-4.812361443162355,-4.709605039453938,CONTROL,0,11.340791,12.348981,-1
ANKRD18B,3.0,3.0,100.0,0.0,0.3333333333333333,0.0,-6.026020893935759,-6.0477467015815165,CONTROL,0,6.1226683,3.7560892,-1
ANKRD22,1.0,1.0,100.0,0.0,1.0,0.0,-3.4279887167409075,-3.382583716922793,CONTROL,0,8.937512,15.218323,-1
ANKRD27,1.0,1.0,100.0,0.0,0.0,0.0,-7.0,-7.0,CONTROL,0,-21.546799,6.5145755,-1
ANKRD34B,1.0,1.0,100.0,0.0,0.0,0.0,-3.631114677105062,-3.687248943620488,CONTROL,0,8.794028,16.783592,-1
ANKRD54,1.0,1.0,100.0,0.0,0.0,0.0,-7.0,-6.954613257812956,CONTROL,0,-21.066023,6.4560695,-1
ANO3,4.0,4.0,100.0,0.0,0.25,0.0,-4.527791650091624,-4.561084550113224,CONTROL,0,10.76578,17.605137,-1
ANO9,4.0,4.0,100.0,0.0,0.6333333333333333,0.0,-6.241853827894767,-6.193376855307256,CONTROL,0,6.5534625,2.8029528,-1
AP1M2,1.5,1.0,100.0,0.0,0.0,0.0,-5.779849203179662,-5.726260022585125,CONTROL,0,3.5296566,8.989728,-1
AP2A2,1.0,1.0,100.0,0.0,0.0,0.0,-6.728153704431497,-6.769360851670473,CONTROL,0,-19.2584,6.913855,-1
AP2M1,1.0,1.0,100.0,0.0,2.0,100.0,-5.673454256560828,-5.716882371114306,CONTROL,0,11.311275,23.399849,-1
AP2S1,3.0,2.0,100.0,0.0,0.6666666666666666,0.0,-6.35828457473312,-6.32472557595736,CONTROL,0,6.3685865,2.7260413,-1
AP5B1,1.0,1.0,100.0,0.0,1.0,0.0,-7.0,-7.0,CONTROL,0,3.8197708,-6.7207522,-1
APH1B,1.0,1.0,100.0,0.0,1.0,0.0,-5.529201096066198,-5.200310714306978,CONTROL,0,14.871721,8.853441,-1
APLN,1.0,0.0,100.0,0.0,0.0,0.0,-7.0,-7.0,CONTROL,0,-21.644451,6.9941826,-1
APOBEC3A,1.0,0.0,100.0,0.0,1.0,0.0,-6.990226175660209,-6.924920593611048,CONTROL,0,4.186076,-6.59751,-1
APOC1,1.0,1.0,100.0,0.0,1.0,0.0,-6.836858793262243,-6.882398128221958,CONTROL,0,14.980631,-0.49021044,-1
APOC3,2.0,2.0,100.0,0.0,0.0,100.0,-5.891551957468764,-5.944436019712663,CONTROL,0,11.719811,23.63861,-1
AQP3,1.0,1.0,100.0,0.0,0.0,0.0,-6.867914888470794,-7.0,CONTROL,0,-20.106075,6.761476,-1
ARAF,1.0,0.5,100.0,0.0,0.5,0.0,-5.294649254871098,-5.143849967371555,CONTROL,0,7.544026,5.4883614,-1
ARFIP2,1.0,1.0,100.0,0.0,1.0,0.0,-6.602156104750069,-6.77059634389791,CONTROL,0,15.272215,-0.16900961,-1
ARHGAP4,24.0,23.0,100.0,0.0,0.6666666666666666,0.0,-5.766533108947645,-5.738016403085967,CONTROL,0,7.562806,3.927634,-1
ARHGDIG,1.0,1.0,100.0,0.0,1.0,0.0,-5.648563819386641,-5.726712133337603,CONTROL,0,16.722816,6.9725294,-1
ARHGEF35,1.0,1.0,100.0,0.0,1.0,0.0,-5.603919646401715,-5.504703243510191,CONTROL,0,16.02009,8.070887,-1
ARHGEF39,1.0,1.0,100.0,0.0,0.0,0.0,-6.506007797041262,-6.522787330135917,CONTROL,0,-3.4117076,6.3145323,-1
ARID3A,1.0,1.0,100.0,0.0,1.0,0.0,-5.372082637475515,-5.420436288994193,CONTROL,0,15.033127,8.73318,-1
ARID3B,3.0,2.0,100.0,0.0,0.6666666666666666,0.0,-5.829554069584397,-5.883103177798386,CONTROL,0,7.2605433,3.2444918,-1
ARL10,20.0,20.0,100.0,0.0,0.45,0.0,-5.960129249830009,-5.919525276996754,CONTROL,0,7.339531,3.8058884,-1
ARL14EP,3.0,3.0,100.0,0.0,0.3333333333333333,0.0,-5.736060908294664,-5.678925617621818,CONTROL,0,6.6124334,4.5661793,-1
ARL2,1.0,1.0,100.0,0.0,0.0,0.0,-5.521283165136277,-5.5186029381832435,CONTROL,0,5.525894,9.323594,-1
ARL2BP,1.0,1.0,100.0,0.0,0.0,0.0,-6.023461079959341,-6.047902977120861,CONTROL,0,0.67251945,7.6084948,-1
ARMCX5-GPRASP2,1.0,1.0,100.0,0.0,0.0,0.0,-4.6185540677253405,-4.730656098462681,CONTROL,0,11.180483,17.79121,-1
ARRDC1,44.0,39.0,100.0,0.0,0.8409090909090909,0.0,-5.895381568329689,-5.898069248545786,CONTROL,0,7.66393,3.892218,-1
ASAH1,3.0,2.0,100.0,0.0,0.3333333333333333,0.0,-5.32787772421844,-5.2477034032423955,CONTROL,0,7.489633,5.4868016,-1
ASAH1-AS1,2.0,2.0,100.0,0.0,0.0,0.0,-5.78937428539856,-5.752719204835193,CONTROL,0,3.3814573,8.918191,-1
ASB6,2.0,2.0,100.0,0.0,1.0,0.0,-4.665914189197251,-4.54149347538302,CONTROL,0,10.801996,12.93968,-1
ASCL2,4.0,3.0,100.0,0.0,0.25,0.0,-5.46527146644591,-5.397313286937098,CONTROL,0,6.858949,4.9936876,-1
ASCL5,1.0,0.0,100.0,0.0,1.0,100.0,-5.5511262449848955,-5.5161848850765995,CONTROL,0,11.3733835,23.396307,-1
ASPA,6.0,4.0,100.0,0.0,0.5,0.0,-5.868386688052069,-5.9343041394898615,CONTROL,0,6.966511,2.8209033,-1
ASPM,2.0,1.0,100.0,0.0,0.5,0.0,-6.099775858037001,-6.050724412696576,CONTROL,0,6.8197494,2.732935,-1
ATOH8,1.0,1.0,100.0,0.0,0.0,0.0,-7.0,-7.0,CONTROL,0,-21.482222,6.384062,-1
ATP10B,1.0,1.0,100.0,0.0,0.0,0.0,-6.495774054372613,-6.4698047553654074,CONTROL,0,-3.1987607,6.3512435,-1
ATP13A1,1.0,1.0,100.0,0.0,1.0,0.0,-6.6136773513355935,-6.63440638706997,CONTROL,0,15.624509,0.24378256,-1
ATP13A3,1.0,1.0,100.0,0.0,0.0,0.0,-7.0,-7.0,CONTROL,0,-21.565636,6.379671,-1
ATP13A4,1.0,1.0,100.0,0.0,1.0,0.0,-7.0,-7.0,CONTROL,0,3.6555393,-6.6024866,-1
ATP5PO,7.0,6.0,100.0,0.0,0.5714285714285714,0.0,-5.969354077070003,-5.8993162096722,CONTROL,0,7.0731387,3.0376413,-1
ATP6AP1-DT,1.0,1.0,100.0,0.0,1.0,0.0,-5.23763920741841,-5.196269280902207,CONTROL,0,14.331568,9.248061,-1
AUP1,1.0,0.0,100.0,0.0,0.0,0.0,-5.7822528020607775,-5.812602028645101,CONTROL,0,3.102231,8.722102,-1
B4GALT3,1.0,1.0,100.0,100.0,1.0,0.0,-5.9519944616708935,-5.75597440047872,CONTROL,0,9.103748,25.022728,-1
B4GALT7,5.0,3.0,100.0,0.0,0.8,0.0,-5.342513950030006,-5.319069055504874,CONTROL,0,7.6583424,5.0333447,-1
BAG1,1.0,0.0,100.0,0.0,1.0,0.0,-7.0,-7.0,CONTROL,0,4.0760074,-6.4733133,-1
BAG5,6.0,3.0,100.0,83.33333333333334,0.5,0.0,-5.9520997631196435,-5.950590300279515,CONTROL,0,9.312487,25.096409,-1
BAZ1A,2.0,2.0,100.0,0.0,0.5,0.0,-5.593460302851398,-5.605876485703737,CONTROL,0,7.1402364,4.8248096,-1
BBOF1,1.0,1.0,100.0,0.0,0.0,0.0,-5.163854795960038,-5.252685174683661,CONTROL,0,8.06656,10.377574,-1
BBS4,1.0,1.0,100.0,0.0,0.0,0.0,-7.0,-7.0,CONTROL,0,-21.477842,6.325848,-1
BCR,10.0,10.0,100.0,0.0,0.7,0.0,-5.761766762939045,-5.798898665059203,CONTROL,0,7.2281704,3.842252,-1
BDH1,33.0,31.0,100.0,0.0,0.3939393939393939,0.0,-5.706504543494109,-5.70540836248503,CONTROL,0,7.6378937,3.8919537,-1
BEAN1,1.0,1.0,100.0,0.0,1.0,0.0,-5.92707869396214,-5.885967590328528,CONTROL,0,17.663496,4.7541018,-1
BECN2,1.0,1.0,100.0,0.0,0.0,0.0,-3.948871097378673,-3.981315467545776,CONTROL,0,9.003104,17.163185,-1
BEST2,4.0,3.0,100.0,0.0,0.5,0.0,-5.447378652142678,-5.440630271050084,CONTROL,0,7.2158284,4.9412317,-1
BGN,1.0,1.0,100.0,0.0,0.0,0.0,-7.0,-7.0,CONTROL,0,-21.647375,6.448585,-1
BLK,9.0,9.0,100.0,0.0,0.75,0.0,-4.9919586469996275,-5.061413484479688,CONTROL,0,7.703239,5.2656174,-1
BLK-AS1,2.0,2.0,100.0,0.0,0.0,0.0,-7.0,-6.999824273402265,CONTROL,0,-20.741764,5.4517083,-1
BLOC1S5,3.0,2.0,100.0,0.0,0.3333333333333333,0.0,-5.238723585056305,-5.319084919624966,CONTROL,0,7.508864,5.5227857,-1
BMP2K,1.5,1.5,100.0,0.0,0.0,0.0,-4.820059105755714,-4.767045644553069,CONTROL,0,11.819539,17.358936,-1
BMP6,1.0,1.0,100.0,0.0,1.0,0.0,-7.0,-7.0,CONTROL,0,3.762011,-6.629683,-1
BMX,1.0,1.0,100.0,0.0,0.0,0.0,-7.0,-7.0,CONTROL,0,-21.671394,6.4202156,-1
BRMS1L,3.0,3.0,100.0,0.0,0.3333333333333333,0.0,-6.351161077762893,-6.348557791153442,CONTROL,0,6.0021577,2.9518976,-1
BSPH1,1.0,1.0,100.0,0.0,0.0,0.0,-5.648630919983707,-5.703031284547526,CONTROL,0,4.0833755,9.026236,-1
C11orf21,1.0,1.0,100.0,0.0,0.0,0.0,-5.867984977177679,-5.752570252680229,CONTROL,0,3.3097107,9.151804,-1
C11orf71,1.0,1.0,100.0,0.0,1.0,0.0,-5.033444231361452,-5.210940482612215,CONTROL,0,13.590599,9.644703,-1
C15orf40,1.0,1.0,100.0,0.0,1.0,0.0,-7.0,-7.0,CONTROL,0,3.7550848,-6.631799,-1
C16orf96,1.0,1.0,100.0,0.0,0.0,0.0,-4.469250583647431,-4.449344821958307,CONTROL,0,10.354848,17.830996,-1
C17orf114,1.0,1.0,100.0,0.0,0.0,0.0,-6.046858702788056,-6.337042272680763,CONTROL,0,-0.34920108,7.0516367,-1
C19orf38,1.0,1.0,100.0,0.0,1.0,0.0,-6.096094037951075,-5.96989364839939,CONTROL,0,17.59483,3.6700354,-1
C1QA,12.0,9.0,100.0,83.33333333333334,1.1666666666666667,16.666666666666664,-6.124263189451742,-6.1154816624294925,CONTROL,0,9.475484,24.626091,-1
C1QC,2.0,2.0,100.0,50.0,1.5,50.0,-6.287854433672768,-6.281049526497422,CONTROL,0,10.369355,24.055195,-1
C1QTNF5,2.0,0.0,100.0,0.0,0.5,0.0,-6.379845385364149,-6.403066960093222,CONTROL,0,6.078636,2.7207873,-1
C1R,1.0,1.0,100.0,0.0,1.0,0.0,-5.6484226471592,-5.548148790698541,CONTROL,0,16.335514,7.865107,-1
C1orf21,1.0,1.0,100.0,0.0,1.0,0.0,-5.047779223334516,-5.158993113781868,CONTROL,0,13.539169,9.6918745,-1
C20orf202,1.0,1.0,100.0,0.0,0.0,0.0,-6.33454012870393,-6.281590731532052,CONTROL,0,-1.9157814,6.583623,-1
C22orf15,1.0,1.0,100.0,0.0,0.0,0.0,-4.538513413492889,-4.522343877949976,CONTROL,0,10.610797,17.80887,-1
C2CD2,1.0,1.0,100.0,0.0,1.0,0.0,-5.3672927186241495,-5.363394180178316,CONTROL,0,14.944437,8.794204,-1
C2CD4D,1.0,1.0,100.0,0.0,1.0,0.0,-5.946787097250899,-5.932659491590298,CONTROL,0,17.714615,4.47643,-1
C6orf52,1.0,1.0,100.0,0.0,0.0,0.0,-5.339388697844832,-5.182559244845562,CONTROL,0,8.478622,10.597491,-1
C8orf48,1.0,1.0,100.0,0.0,0.0,0.0,-4.0028038312348535,-4.052895545178789,CONTROL,0,9.0540495,17.221487,-1
C8orf74,2.0,2.0,100.0,0.0,1.0,0.0,-6.11651987910535,-6.234367708368224,CONTROL,0,17.140976,2.4248657,-1
CABP4,30.0,24.0,100.0,63.33333333333333,1.2333333333333334,6.666666666666667,-5.985841483131042,-5.975560774974969,CONTROL,0,9.4444,24.34397,-1
CADPS,1.0,0.0,100.0,0.0,0.0,0.0,-5.723447275939368,-5.918246546945647,CONTROL,0,2.8515048,8.611807,-1
CALHM1,1.0,0.0,100.0,0.0,1.0,100.0,-7.0,-7.0,CONTROL,0,11.441278,23.380243,-1
CALML6,3.0,1.0,100.0,0.0,0.3333333333333333,0.0,-6.11094450707466,-6.029824943065338,CONTROL,0,6.1025534,3.6556408,-1
CAMTA2-AS1,1.0,1.0,100.0,0.0,0.0,0.0,-7.0,-7.0,CONTROL,0,-21.564577,6.2742734,-1
CANX,1.0,1.0,100.0,0.0,0.0,0.0,-6.892184704154587,-6.8031958217392745,CONTROL,0,-19.359253,6.8481464,-1
CARS1-AS1,1.0,1.0,100.0,0.0,1.0,0.0,-4.318045902448464,-4.272025873845107,CONTROL,0,9.762,14.027863,-1
CASP3,1.0,1.0,100.0,0.0,0.0,0.0,-3.5391893079681656,-3.813015363849485,CONTROL,0,8.759359,16.715353,-1
CASP9,2.0,2.0,100.0,0.0,1.0,0.0,-6.87204296791192,-6.892559549084597,CONTROL,0,14.960829,-0.50961405,-1
CASZ1,1.0,0.0,100.0,0.0,0.0,0.0,-6.853782760791481,-6.759808655677757,CONTROL,0,-19.288042,6.8593493,-1
CBR4-DT,1.0,1.0,100.0,0.0,1.0,0.0,-7.0,-7.0,CONTROL,0,3.7504551,-6.6484118,-1
CBX1,1.0,0.0,100.0,0.0,1.0,0.0,-7.0,-7.0,CONTROL,0,4.140597,-6.4507446,-1
CCDC120,1.0,1.0,100.0,0.0,0.0,0.0,-5.640184615122367,-5.541705084110394,CONTROL,0,4.926132,9.308898,-1
CCDC15,2.0,2.0,100.0,0.0,1.0,0.0,-5.691918731976746,-5.478817077435112,CONTROL,0,16.233704,7.9364614,-1
CCDC186,1.0,1.0,100.0,0.0,1.0,0.0,-4.686575267679491,-4.611069846357917,CONTROL,0,10.913629,12.822657,-1
CCDC33,1.0,1.0,100.0,0.0,0.0,0.0,-5.639065148484285,-5.912971037705254,CONTROL,0,2.815331,8.520971,-1
CCDC92B,1.0,1.0,100.0,0.0,1.0,0.0,-7.0,-7.0,CONTROL,0,3.6901758,-6.7018948,-1
CCL17,1.0,1.0,100.0,0.0,1.0,0.0,-3.5392821679613826,-3.71319477433674,CONTROL,0,8.966567,15.149338,-1
CCL27,1.0,1.0,100.0,0.0,0.0,0.0,-7.0,-7.0,CONTROL,0,-21.519096,6.3536572,-1
CCNB1IP1,1.0,1.0,100.0,0.0,1.0,0.0,-4.341157843001275,-4.4093173756978,CONTROL,0,9.901514,13.874782,-1
CD1E,1.0,0.0,100.0,0.0,1.0,0.0,-5.246420393592799,-5.557230293777277,CONTROL,0,15.124883,8.678819,-1
CD248,1.0,1.0,100.0,0.0,1.0,0.0,-6.352859152964729,-6.396353274313835,CONTROL,0,16.442774,1.2735943,-1
CD274,2.0,2.0,100.0,0.0,0.0,0.0,-6.580021359074266,-6.684159110601945,CONTROL,0,-3.748177,6.251033,-1
CDH12,1.0,1.0,100.0,0.0,1.0,0.0,-5.0974231571073405,-4.980087688547498,CONTROL,0,13.253269,9.960518,-1
CDH9,1.0,1.0,100.0,0.0,0.0,0.0,-6.734475437568455,-6.854599732535668,CONTROL,0,-19.311693,6.8978834,-1
CDHR2,2.0,2.0,100.0,0.0,1.0,0.0,-6.2571116979034365,-6.283326898956794,CONTROL,0,16.834581,1.9243039,-1
CDKN1B,1.0,1.0,100.0,0.0,1.0,0.0,-7.0,-7.0,CONTROL,0,3.6189146,-6.4885054,-1
CDKN2AIP,1.0,1.0,100.0,0.0,1.0,0.0,-6.3947773752568535,-6.593284103993394,CONTROL,0,16.101778,0.8089395,-1
CDKN2D,1.0,1.0,100.0,0.0,1.0,0.0,-6.339613762294315,-6.392498035423046,CONTROL,0,16.503056,1.3359059,-1
CEACAM19,1.0,1.0,100.0,0.0,0.0,0.0,-6.1255754443000665,-6.004906183350103,CONTROL,0,0.70736283,7.7358375,-1
CEL,7.0,2.0,100.0,85.71428571428571,1.0,0.0,-6.756775513413297,-6.745958317393808,CONTROL,0,9.086614,24.947935,-1
CELF2,1.0,1.0,100.0,0.0,1.0,0.0,-5.91451621746765,-5.90930590221123,CONTROL,0,17.67367,4.6689363,-1
CEP152,1.0,1.0,100.0,0.0,0.0,0.0,-6.396899537654999,-6.357863349644774,CONTROL,0,-2.3140752,6.463485,-1
CEP170,1.0,1.0,100.0,0.0,1.0,0.0,-4.921858476409241,-4.8412720121404575,CONTROL,0,11.594803,12.0566845,-1
CEP19,6.5,6.5,100.0,7.142857142857142,0.4642857142857143,0.0,-6.116769305166285,-6.118080062634532,CONTROL,0,6.7499437,2.9104133,-1
CEP55,1.0,1.0,100.0,0.0,0.0,0.0,-5.377444843049228,-5.527159434196341,CONTROL,0,6.170708,9.602271,-1
CFAP298,3.0,3.0,100.0,0.0,1.0,0.0,-6.584382833347649,-6.54156991349753,CONTROL,0,15.705909,0.33911154,-1
CFAP68,1.0,1.0,100.0,0.0,1.0,0.0,-6.081820901309395,-5.986115450776094,CONTROL,0,17.652355,3.7040286,-1
CFAP74,2.0,2.0,100.0,0.0,0.0,0.0,-5.911732562545073,-6.01611607510877,CONTROL,0,1.4432478,8.006833,-1
CFAP90,1.0,1.0,100.0,0.0,0.0,0.0,-4.906330915440694,-4.897117879246523,CONTROL,0,12.331399,16.814709,-1
CFAP97,1.0,1.0,100.0,0.0,1.0,0.0,-7.0,-7.0,CONTROL,0,3.6345918,-6.5220127,-1
CFHR4,1.0,1.0,100.0,0.0,1.0,0.0,-5.684345404125471,-5.619593957440274,CONTROL,0,16.89507,7.474039,-1
CHCHD10,2.0,0.0,100.0,0.0,1.0,0.0,-6.329156639780878,-6.280654854141199,CONTROL,0,16.692974,1.7983565,-1
CHML,3.0,3.0,100.0,0.0,1.0,0.0,-5.749384582048033,-5.593053777224739,CONTROL,0,17.09208,7.356358,-1
CHPF2,1.0,1.0,100.0,0.0,1.0,0.0,-7.0,-7.0,CONTROL,0,3.556369,-6.7832174,-1
CHRNB1,37.0,22.0,100.0,67.56756756756756,1.108108108108108,13.513513513513514,-6.230676027494821,-6.224479051309969,CONTROL,0,9.541902,24.187895,-1
CIMIP2B,2.0,2.0,100.0,0.0,0.5,0.0,-6.019655151647926,-5.93300507921315,CONTROL,0,6.9308662,2.7464683,-1
CLCA1,1.0,1.0,100.0,0.0,1.0,0.0,-5.383442356526396,-5.347401826381615,CONTROL,0,14.937993,8.79819,-1
CLCF1,3.0,3.0,100.0,66.66666666666666,0.0,33.33333333333333,-5.7583026411216265,-5.7046276929326725,CONTROL,0,10.195342,24.695463,-1
CLCN2,1.0,1.0,100.0,0.0,1.0,0.0,-7.0,-7.0,CONTROL,0,3.723923,-6.5436115,-1
CLCN3,1.0,1.0,100.0,0.0,1.0,0.0,-5.467433149248212,-5.409043984634426,CONTROL,0,15.20584,8.607755,-1
CLDN22,2.0,2.0,100.0,0.0,1.0,0.0,-4.992957787495296,-4.904059099264671,CONTROL,0,11.728003,11.9077835,-1
CLDN23,2.5,1.0,100.0,0.0,0.1666666666666666,0.0,-5.927073800998558,-5.8782151711784465,CONTROL,0,1.9737083,8.161422,-1
CLDN3,8.0,8.0,100.0,0.0,0.625,0.0,-5.64613031195676,-5.690087466878001,CONTROL,0,7.252141,4.3506103,-1
CLDN9,3.0,2.0,100.0,33.33333333333333,0.6666666666666666,33.33333333333333,-5.0786579257782085,-5.147753186952577,CONTROL,0,10.497708,24.438543,-1
CLEC14A,4.0,3.0,100.0,0.0,0.5,0.0,-5.204693090083182,-5.242115542778153,CONTROL,0,7.571778,5.437505,-1
CLEC1B,1.0,1.0,100.0,0.0,1.0,0.0,-7.0,-7.0,CONTROL,0,3.8257427,-6.8587236,-1
CLGN,1.0,1.0,100.0,0.0,1.0,0.0,-5.819542765389746,-5.710677304862022,CONTROL,0,17.298933,6.8974085,-1
CLIC6,1.0,1.0,100.0,0.0,1.0,0.0,-4.390267211477237,-4.411010551051156,CONTROL,0,9.90474,13.868808,-1
CLK4,1.0,1.0,100.0,0.0,1.0,0.0,-4.978725262713926,-4.784794862314992,CONTROL,0,11.632612,12.016085,-1
CLUH,2.0,2.0,100.0,0.0,1.0,0.0,-5.81939744500985,-5.999027948020533,CONTROL,0,17.655973,4.7090516,-1
CMBL,1.0,1.0,100.0,0.0,0.0,0.0,-6.8358849038596965,-6.864021407918984,CONTROL,0,-19.370634,6.8756957,-1
CMTM5,1.5,1.5,100.0,0.0,1.0,0.0,-5.238814944379929,-5.269571347987009,CONTROL,0,14.365703,9.202746,-1
COL1A1,1.0,1.0,100.0,0.0,0.0,0.0,-6.788790996710457,-6.974153038020307,CONTROL,0,-19.65124,6.8454204,-1
COL4A5,2.0,2.0,100.0,0.0,1.0,0.0,-5.835526941116967,-5.887770006193447,CONTROL,0,17.61026,5.1466985,-1
COPRS,4.0,4.0,100.0,0.0,0.75,0.0,-5.609137905776256,-5.682375781260472,CONTROL,0,7.2821302,4.3220024,-1
COQ8B,1.0,1.0,100.0,0.0,1.0,0.0,-6.217263905844347,-6.383199011336547,CONTROL,0,16.879015,1.8008243,-1
COX4I1,2.0,2.0,100.0,0.0,0.0,100.0,-5.161050016629034,-5.020444370294533,CONTROL,0,11.737371,23.650269,-1
COX7A2,1.0,1.0,100.0,0.0,1.0,0.0,-6.558531562424434,-6.471869199972516,CONTROL,0,15.789104,0.45081615,-1
CPT1B,2.0,2.0,100.0,0.0,1.0,0.0,-4.940230129966153,-4.966867329598898,CONTROL,0,11.733861,11.89488,-1
CREB3L2,1.0,1.0,100.0,0.0,1.0,0.0,-5.447047475289956,-5.3855759048005485,CONTROL,0,15.057362,8.722388,-1
CRELD1,15.0,10.0,100.0,66.66666666666666,0.8,26.666666666666668,-5.673801950167911,-5.644876709498264,CONTROL,0,10.029864,24.535215,-1
CRK,1.0,1.0,100.0,0.0,1.0,0.0,-4.974665481342385,-5.098921271428954,CONTROL,0,13.449205,9.739565,-1
CRYBA1,16.0,7.0,100.0,75.0,1.0,12.5,-6.280864671224469,-6.316594391938514,CONTROL,0,9.4388895,24.668636,-1
CRYGN,1.0,1.0,100.0,0.0,1.0,0.0,-5.0533203719493285,-5.102150339342767,CONTROL,0,13.473937,9.751059,-1
CRYZ,1.0,0.0,100.0,0.0,1.0,0.0,-4.7444018044419884,-4.842008428562383,CONTROL,0,11.386057,12.29861,-1
CRYZL1,3.0,3.0,100.0,0.0,1.0,0.0,-4.350435525776767,-4.327389809686958,CONTROL,0,9.812984,13.968124,-1
CST6,1.0,1.0,100.0,100.0,0.0,0.0,-7.0,-7.0,CONTROL,0,8.863242,25.494503,-1
CT45A3,1.0,1.0,100.0,0.0,1.0,0.0,-5.099484168694645,-5.262171124690133,CONTROL,0,14.005662,9.393774,-1
CT45A9,1.0,1.0,100.0,0.0,0.0,0.0,-6.903667306050528,-7.0,CONTROL,0,-20.201044,6.734573,-1
CT83,1.0,1.0,100.0,0.0,0.0,0.0,-5.032258016040733,-5.023558994817734,CONTROL,0,12.905306,16.024567,-1
CTAG1A,1.0,1.0,100.0,0.0,1.0,0.0,-6.547595954923893,-6.522881429173736,CONTROL,0,15.761059,0.40993023,-1
CTAGE4,1.0,1.0,100.0,0.0,0.0,0.0,-7.0,-7.0,CONTROL,0,-21.552465,6.416622,-1
CTNNBIP1,1.0,1.0,100.0,0.0,1.0,0.0,-4.041020183168161,-4.009504241102731,CONTROL,0,9.101906,14.876338,-1
CTSD,1.0,1.0,100.0,0.0,0.0,0.0,-5.367085084108519,-5.489775791065646,CONTROL,0,6.302645,9.703658,-1
CYLD-AS1,1.0,1.0,100.0,0.0,1.0,0.0,-5.221776059837377,-4.908944581572859,CONTROL,0,13.250758,9.966546,-1
CYP1A2,1.0,1.0,100.0,0.0,1.0,0.0,-7.0,-7.0,CONTROL,0,3.8557432,-6.39668,-1
CYYR1,1.0,1.0,100.0,0.0,0.0,0.0,-6.539422592371034,-6.422028862349662,CONTROL,0,-3.1360502,6.372213,-1
DAD1,1.0,1.0,100.0,0.0,0.0,0.0,-5.6063579974297975,-5.5172055976671,CONTROL,0,5.048615,9.340294,-1
DBN1,2.0,2.0,100.0,0.0,1.0,0.0,-6.147739455742329,-6.1525625352339315,CONTROL,0,17.198004,2.6411755,-1
DDTL,2.0,1.0,100.0,0.0,0.5,0.0,-5.2357681636767515,-5.205866169914923,CONTROL,0,7.501425,5.525943,-1
DDX17,1.0,1.0,100.0,0.0,0.0,0.0,-4.899715015633832,-4.93699877523394,CONTROL,0,12.39928,16.738722,-1
DDX41,119.0,75.0,100.0,73.94957983193278,1.2941176470588236,6.722689075630252,-5.977930268696804,-5.971681421128558,CONTROL,0,10.06165,23.298239,-1
DEFA5,2.0,2.0,100.0,0.0,0.0,0.0,-6.442803719693716,-6.393739955676191,CONTROL,0,-2.727502,6.411177,-1
DEFB103B,2.0,2.0,100.0,0.0,0.0,0.0,-6.517712991099096,-6.652140189242753,CONTROL,0,-3.7903342,6.1555977,-1
DEFB105B,4.0,4.0,100.0,0.0,0.0,0.0,-5.264715226485361,-5.255277554464673,CONTROL,0,8.14055,10.425621,-1
DEFB109B,2.0,2.0,100.0,0.0,1.0,0.0,-5.770184159947123,-5.75692230228942,CONTROL,0,17.257786,6.364559,-1
DEFB112,1.0,1.0,100.0,0.0,1.0,0.0,-6.011078546129225,-5.898941636945908,CONTROL,0,17.661572,4.356161,-1
DEFB4A,1.0,1.0,100.0,0.0,0.0,0.0,-5.557991973327795,-5.63052608777073,CONTROL,0,4.789307,9.159103,-1
DENND4C,1.0,1.0,100.0,0.0,1.0,0.0,-6.175016740099279,-6.267380507932184,CONTROL,0,16.994503,2.065121,-1
DIP2C,2.0,1.0,100.0,0.0,0.0,0.0,-4.440769463797981,-4.48090862571175,CONTROL,0,10.389535,17.786802,-1
DLG1,3.0,3.0,100.0,0.0,1.0,0.0,-6.162078484191704,-6.206094254859873,CONTROL,0,17.105772,2.4369977,-1
DLG3,2.0,2.0,100.0,0.0,1.0,0.0,-4.360919337266905,-4.310541799580417,CONTROL,0,9.793364,13.987776,-1
DLGAP2,2.0,2.0,100.0,0.0,1.0,0.0,-4.256771281397958,-4.09780562309589,CONTROL,0,9.455485,14.39547,-1
DMTN,2.0,2.0,100.0,0.0,1.0,0.0,-4.665930908884987,-4.609109058522327,CONTROL,0,10.891462,12.846172,-1
DNAAF3,51.0,36.0,100.0,76.47058823529412,1.0784313725490196,15.68627450980392,-6.209685817703933,-6.235938879273299,CONTROL,0,9.560491,24.046309,-1
DNAJA3,1.0,1.0,100.0,0.0,0.0,0.0,-4.434006564034304,-4.434179857698504,CONTROL,0,10.2234955,17.757181,-1
DNALI1,2.0,2.0,100.0,50.0,0.0,0.0,-5.724454933720089,-5.888610091182269,CONTROL,0,9.822694,24.887712,-1
DNASE1L1,2.0,2.0,100.0,0.0,1.0,0.0,-6.546094861488845,-6.5622530300296,CONTROL,0,15.750642,0.36636385,-1
DNMT3L,1.0,1.0,100.0,0.0,0.0,0.0,-5.83571219118784,-5.872051395532088,CONTROL,0,2.4472044,8.47205,-1
DOLK,14.0,8.0,100.0,35.714285714285715,0.8571428571428571,57.14285714285714,-6.095606372885401,-6.147388836553184,CONTROL,0,10.526532,24.019537,-1
DORIP1,1.0,1.0,100.0,0.0,1.0,0.0,-7.0,-7.0,CONTROL,0,3.7720437,-6.817745,-1
DPH7,1.0,1.0,100.0,0.0,0.0,0.0,-6.032851540860184,-6.151040482392348,CONTROL,0,0.34683734,7.3356256,-1
DRC12,1.0,1.0,100.0,0.0,1.0,0.0,-5.263841365041753,-5.366326102933156,CONTROL,0,14.655502,9.008303,-1
DRC9,1.0,1.0,100.0,0.0,1.0,0.0,-4.664727592091353,-4.727862267762553,CONTROL,0,11.063692,12.658634,-1
DSCR4,1.0,1.0,100.0,0.0,0.0,0.0,-7.0,-7.0,CONTROL,0,-21.605228,6.2620416,-1
DUSP26,1.0,1.0,100.0,0.0,0.0,0.0,-7.0,-7.0,CONTROL,0,-21.430454,6.155855,-1
DUT,1.0,0.0,100.0,0.0,1.0,100.0,-5.28850820052034,-5.182275199585446,CONTROL,0,11.32141,23.390753,-1
DYNLT2B,1.0,1.0,100.0,0.0,0.0,0.0,-7.0,-7.0,CONTROL,0,-21.794786,6.394007,-1
E4F1,1.0,0.0,100.0,0.0,0.0,0.0,-7.0,-7.0,CONTROL,0,-21.636854,6.9873548,-1
EBP,11.0,11.0,100.0,72.72727272727273,0.5454545454545454,27.27272727272727,-6.246892037547272,-6.262387425481364,CONTROL,0,10.024261,24.661587,-1
EFHD2,2.0,2.0,100.0,0.0,0.0,0.0,-6.008667486979347,-5.962599592438092,CONTROL,0,1.3848243,7.96963,-1
EIF4A2,1.0,1.0,100.0,0.0,0.0,0.0,-5.884211169595362,-5.718639147932813,CONTROL,0,3.338912,9.248984,-1
ELANE,110.0,55.0,100.0,24.545454545454547,1.0,61.81818181818181,-5.62104235897653,-5.601903649427503,CONTROL,0,10.789018,23.573698,-1
ELOVL1,1.0,1.0,100.0,0.0,0.0,0.0,-5.722530652881787,-5.728392010665401,CONTROL,0,3.685811,8.993384,-1
EMD,1.0,1.0,100.0,0.0,1.0,0.0,-7.0,-7.0,CONTROL,0,3.7103271,-6.656163,-1
EML2,1.0,0.0,100.0,0.0,0.0,0.0,-5.331404914044926,-5.4520085537675715,CONTROL,0,6.59146,9.922449,-1
ENKD1,1.0,1.0,100.0,0.0,1.0,0.0,-6.917111573732745,-7.0,CONTROL,0,3.7830865,-6.4161506,-1
ENOX2,1.0,1.0,100.0,0.0,0.0,0.0,-5.550136593848948,-5.369260242268778,CONTROL,0,5.592941,9.603925,-1
ENSA,1.0,1.0,100.0,0.0,1.0,0.0,-4.92510916800491,-4.845266074367645,CONTROL,0,11.627442,12.021963,-1
EOLA2,1.0,0.0,100.0,0.0,1.0,0.0,-7.0,-7.0,CONTROL,0,4.1335497,-6.458728,-1
ESRP2,2.0,0.0,100.0,50.0,0.0,50.0,-6.307189882853778,-6.349011963039077,CONTROL,0,10.350587,24.60148,-1
ESX1,1.0,1.0,100.0,0.0,0.0,0.0,-3.162840042568767,-3.1199817597840473,CONTROL,0,8.78498,16.526459,-1
ETFB,1.0,1.0,100.0,0.0,1.0,0.0,-5.046955082878981,-5.52317025419559,CONTROL,0,14.640053,9.009341,-1
EVI2B,2.5,2.5,100.0,0.0,0.0,0.0,-5.722624945824017,-5.764989114873814,CONTROL,0,3.4800136,8.878047,-1
EVX2,2.0,1.0,100.0,0.0,0.5,0.0,-5.580067868541459,-5.645326149592461,CONTROL,0,7.1390867,4.8183775,-1
EXOC8,2.0,0.0,100.0,100.0,1.0,0.0,-6.230062104805916,-6.1864456718170695,CONTROL,0,9.0578,25.021538,-1
EXTL3,1.0,1.0,100.0,0.0,0.0,0.0,-6.136914772818194,-6.170232174517546,CONTROL,0,-0.7344143,6.9361663,-1
F13B,1.0,1.0,100.0,0.0,1.0,0.0,-5.639964070433018,-5.6843863170513,CONTROL,0,16.699585,7.313462,-1
FAM120C,1.0,1.0,100.0,0.0,0.0,0.0,-4.924439279212419,-4.9633419050881775,CONTROL,0,12.458715,16.662565,-1
FAM136A,1.0,1.0,100.0,100.0,1.0,0.0,-5.075280324510186,-4.866026418671557,CONTROL,0,9.282545,24.999008,-1
FAM153A,1.0,1.0,100.0,0.0,1.0,0.0,-7.0,-7.0,CONTROL,0,3.7516463,-6.5483313,-1
FAM170A,2.0,0.0,100.0,0.0,0.0,0.0,-6.070560334776711,-5.9974664788559835,CONTROL,0,0.76513726,7.6773047,-1
FAM3A,1.0,1.0,100.0,0.0,1.0,0.0,-3.974696707925777,-3.9554443966974615,CONTROL,0,9.079683,14.933799,-1
FAM90A17,2.0,2.0,100.0,0.0,0.0,0.0,-4.718879894352618,-4.607941613379145,CONTROL,0,11.241336,17.907007,-1
FAT1,1.0,1.0,100.0,0.0,1.0,0.0,-7.0,-7.0,CONTROL,0,3.6218715,-6.9746327,-1
FAT4,1.0,1.0,100.0,0.0,1.0,0.0,-5.843586863824099,-5.870940198751672,CONTROL,0,17.59647,5.2141104,-1
FBL,1.0,1.0,100.0,0.0,1.0,0.0,-5.614170267760481,-5.704520417744913,CONTROL,0,16.613523,7.183659,-1
FBP2,1.0,1.0,100.0,0.0,0.0,0.0,-5.116932729899947,-5.073311477087046,CONTROL,0,12.990318,15.910951,-1
FCN2,1.0,0.0,100.0,100.0,1.0,0.0,-7.0,-7.0,CONTROL,0,8.957443,25.086008,-1
FDXR,26.0,11.0,100.0,46.15384615384615,0.9615384615384616,46.15384615384615,-6.06036452040055,-6.033213203453214,CONTROL,0,10.485715,24.014864,-1
FEZF1,1.0,1.0,100.0,0.0,0.0,0.0,-4.812408143350798,-4.93988133985992,CONTROL,0,12.267654,16.883272,-1
FEZF2,5.0,2.0,100.0,80.0,1.0,20.0,-5.8252828077840455,-5.832906947678128,CONTROL,0,9.659145,24.664392,-1
FFAR1,1.0,1.0,100.0,0.0,0.0,0.0,-7.0,-7.0,CONTROL,0,-21.532475,6.4491515,-1
FGF2,1.0,0.0,100.0,0.0,1.0,0.0,-5.031500345051544,-5.128217425845509,CONTROL,0,13.513635,9.699292,-1
FGFR4,3.0,2.0,100.0,0.0,1.0,0.0,-6.22121642832082,-6.19258034284634,CONTROL,0,17.087927,2.4475632,-1
FNDC10,1.0,1.0,100.0,0.0,1.0,0.0,-7.0,-7.0,CONTROL,0,3.6503105,-6.7707553,-1
FOCAD,1.0,1.0,100.0,0.0,1.0,0.0,-7.0,-7.0,CONTROL,0,3.6394715,-6.7720966,-1
FOXC1,168.0,128.0,100.0,63.69047619047619,0.9464285714285714,18.452380952380953,-5.981221182747104,-5.977721169350401,CONTROL,0,10.145569,23.240227,-1
FOXD3,1.0,1.0,100.0,0.0,0.0,0.0,-4.5693818550364345,-4.434948147804934,CONTROL,0,10.501065,17.91041,-1
FOXG1,289.0,205.0,100.0,58.47750865051903,1.328719723183391,35.98615916955018,-5.875360082093723,-5.871230623823587,CONTROL,0,10.227502,23.170763,-1
FOXI3,8.0,2.0,100.0,12.5,0.5,87.5,-6.1132128217906025,-6.094871638476139,CONTROL,0,11.410312,23.405155,-1
FOXJ1,8.0,5.0,100.0,100.0,0.5,0.0,-6.215934703825384,-6.282416859289016,CONTROL,0,9.029467,25.27573,-1
FOXR1,1.0,1.0,100.0,0.0,1.0,0.0,-5.282344438177605,-5.4147522948713664,CONTROL,0,14.844323,8.865359,-1
FTSJ3,1.0,1.0,100.0,0.0,1.0,0.0,-7.0,-7.0,CONTROL,0,3.9173458,-6.4017835,-1
FZD5,8.0,5.0,100.0,62.5,0.375,12.5,-5.956398323041428,-5.881542080522566,CONTROL,0,9.917999,24.792538,-1
GAB2,1.5,1.5,100.0,0.0,0.0,0.0,-6.921786316582001,-6.904960066453117,CONTROL,0,-20.00195,6.757615,-1
GAB3,1.0,1.0,100.0,0.0,0.0,0.0,-5.283059858070039,-5.140022680424311,CONTROL,0,8.490043,10.5876875,-1
GABPA,1.0,1.0,100.0,0.0,1.0,0.0,-4.565335503138881,-4.558395833713619,CONTROL,0,10.65478,13.0894575,-1
GABRA3,1.0,1.0,100.0,0.0,1.0,0.0,-5.703769907759768,-5.778502966536844,CONTROL,0,16.969593,6.628015,-1
GAGE12G,1.0,1.0,100.0,0.0,1.0,0.0,-7.0,-7.0,CONTROL,0,3.9460683,-6.637189,-1
GALE,61.0,37.0,100.0,72.1311475409836,1.1967213114754098,22.950819672131143,-5.831287048446216,-5.8131156201816605,CONTROL,0,9.833439,23.754843,-1
GATA1,1.0,1.0,100.0,0.0,0.0,0.0,-6.041294489138429,-6.103373998287143,CONTROL,0,0.4918304,7.465947,-1
GATA4,2.0,2.0,100.0,0.0,1.0,0.0,-6.174457359407093,-6.133401143896776,CONTROL,0,17.183674,2.6311927,-1
GATD1,1.0,1.0,100.0,0.0,1.0,0.0,-7.0,-7.0,CONTROL,0,3.9836507,-6.7214684,-1
GBGT1,1.0,1.0,100.0,0.0,1.0,0.0,-5.227206613714021,-5.102205424009605,CONTROL,0,14.215445,9.318145,-1
GDI2,1.0,1.0,100.0,0.0,1.0,0.0,-7.0,-7.0,CONTROL,0,3.7054253,-6.500234,-1
GGPS1,1.0,1.0,100.0,0.0,1.0,0.0,-7.0,-6.872297211649789,CONTROL,0,4.186651,-6.6976447,-1
GGT5,1.0,1.0,100.0,0.0,0.0,0.0,-5.9914145554573865,-6.15234926849713,CONTROL,0,0.33392927,7.3267937,-1
GHSR,2.0,1.0,100.0,50.0,0.5,50.0,-4.704013427399814,-4.694950704985613,CONTROL,0,10.445453,24.462896,-1
GLRA2,1.0,1.0,100.0,0.0,0.0,0.0,-4.947056810801895,-4.909447045487561,CONTROL,0,12.410936,16.723536,-1
GMPR,1.0,0.0,100.0,0.0,1.0,0.0,-6.23238274559508,-6.0701704165682635,CONTROL,0,17.230896,2.7092564,-1
GNB2,12.0,8.0,100.0,0.0,1.0833333333333333,100.0,-5.4958457040630195,-5.4803553751926515,CONTROL,0,11.2710285,23.371777,-1
GPR158-AS1,1.0,1.0,100.0,0.0,0.0,0.0,-7.0,-7.0,CONTROL,0,-21.548805,6.1877756,-1
GPR179,2.5,2.5,100.0,0.0,0.0,0.0,-6.388251392284972,-6.416895294201607,CONTROL,0,-2.6392689,6.4391537,-1
GPR183,1.0,1.0,100.0,0.0,1.0,0.0,-7.0,-7.0,CONTROL,0,3.6598544,-6.750936,-1
GPR19,1.0,1.0,100.0,0.0,1.0,0.0,-6.418033082172275,-6.264755072423449,CONTROL,0,16.593443,1.6809752,-1
GPRASP3,1.0,1.0,100.0,0.0,0.0,0.0,-6.722484714058414,-6.669531441226755,CONTROL,0,-19.169447,6.948145,-1
GRK6,1.0,1.0,100.0,0.0,0.0,0.0,-6.284903604609521,-6.244405788038669,CONTROL,0,-1.4336057,6.727132,-1
GSC,3.0,3.0,100.0,100.0,0.0,0.0,-5.613138694588592,-5.614236659370429,CONTROL,0,9.109165,25.336918,-1
GSTT2,1.0,1.0,100.0,0.0,1.0,0.0,-6.296361062135156,-6.360051153643126,CONTROL,0,16.579361,1.4522097,-1
GUF1,1.5,1.5,100.0,0.0,0.0,0.0,-5.913614508347488,-5.902549010894731,CONTROL,0,1.847361,8.177672,-1
GYPC,1.0,1.0,100.0,0.0,0.0,0.0,-5.089848432286406,-4.874321476520924,CONTROL,0,12.828732,16.141222,-1
HBD,14.0,12.0,100.0,21.428571428571427,0.2142857142857142,21.428571428571427,-5.807764713175284,-5.789555535065504,CONTROL,0,10.454556,24.580399,-1
HBG2,1.0,1.0,100.0,0.0,0.0,0.0,-5.76613104482486,-5.8672187277355725,CONTROL,0,2.8567655,8.606146,-1
HDGFL2,1.5,1.5,100.0,0.0,1.0,0.0,-6.045396937924677,-5.940677974543892,CONTROL,0,17.621807,3.8360324,-1
HFE,44.0,34.0,100.0,81.81818181818183,1.1590909090909092,6.8181818181818175,-6.047022491017061,-6.04009172461808,CONTROL,0,9.4260235,24.185255,-1
HGFAC,2.0,1.0,100.0,0.0,0.5,0.0,-5.886089542619269,-6.038895700500806,CONTROL,0,6.949419,2.7544096,-1
HK3,1.0,1.0,100.0,0.0,0.0,0.0,-7.0,-7.0,CONTROL,0,-21.503353,6.3541074,-1
HMBS,181.0,147.0,100.0,59.11602209944752,1.011049723756906,26.519337016574585,-6.0102723122635195,-6.010187326547217,CONTROL,0,10.134503,23.238068,-1
HOXB3,1.0,0.0,100.0,0.0,1.0,0.0,-5.855098682531819,-5.911089663896834,CONTROL,0,17.644247,4.9785895,-1
HSD17B10,1.0,1.0,100.0,0.0,0.0,0.0,-6.46708587279954,-6.565225774810231,CONTROL,0,-3.395721,6.332772,-1
HSD3B2,83.0,54.0,100.0,68.67469879518072,1.2409638554216869,25.301204819277107,-5.981153184668702,-5.973994766299924,CONTROL,0,9.957947,23.464945,-1
HSPB2,1.0,1.0,100.0,0.0,1.0,0.0,-6.1662550831094105,-6.102357325053898,CONTROL,0,17.24303,2.7341647,-1
HSPBP1,1.0,1.0,100.0,0.0,1.0,0.0,-6.100704135300692,-6.164075313669403,CONTROL,0,17.318066,2.8499172,-1
HTR3A,1.0,1.0,100.0,0.0,1.0,0.0,-6.4769532350507175,-6.432093677485925,CONTROL,0,16.12428,0.84502196,-1
IDI2,1.0,1.0,100.0,0.0,0.0,0.0,-7.0,-7.0,CONTROL,0,-21.41892,6.258432,-1
IFI27L2,1.5,1.5,100.0,0.0,0.0,0.0,-5.186189298111637,-5.208561880216568,CONTROL,0,8.152806,10.395694,-1
IFNA13,1.0,1.0,100.0,0.0,0.0,0.0,-4.662753910967788,-4.6036508571627515,CONTROL,0,11.194353,17.89611,-1
IFNA6,1.0,1.0,100.0,0.0,0.0,0.0,-4.041638816719839,-4.083435039034765,CONTROL,0,9.07428,17.231228,-1
IFT43,1.5,1.5,100.0,0.0,0.0,0.0,-5.227172477086997,-5.200078206954906,CONTROL,0,8.278157,10.465925,-1
IGHMBP2,1.0,0.0,100.0,0.0,1.0,0.0,-4.908629077680053,-4.8971777501688365,CONTROL,0,11.642598,12.007072,-1
IGLL5,2.0,0.0,100.0,0.0,0.5,0.0,-6.487822793463023,-6.442094429119684,CONTROL,0,6.0045547,2.7362285,-1
IKBKB,1.0,0.0,100.0,0.0,1.0,0.0,-5.883810462012799,-5.760519481404677,CONTROL,0,17.474915,5.793933,-1
IL12RB1,1.0,1.0,100.0,0.0,0.0,0.0,-5.9236128907660595,-5.892481200297505,CONTROL,0,1.8153124,8.1759,-1
IL1R1,1.5,1.5,100.0,0.0,0.0,0.0,-6.274318018636352,-6.260400092035915,CONTROL,0,-1.4344988,6.744399,-1
IL1RAP,1.0,1.0,100.0,0.0,0.0,0.0,-5.858955039349209,-5.908256475426702,CONTROL,0,2.3121119,8.409232,-1
IL1RAPL1,1.0,1.0,100.0,0.0,0.0,0.0,-5.443754662426821,-5.514990876412004,CONTROL,0,5.866706,9.4241085,-1
IL2RA,1.0,1.0,100.0,0.0,1.0,0.0,-7.0,-7.0,CONTROL,0,3.6211548,-6.4887767,-1
INAFM1,1.0,0.0,100.0,0.0,1.0,0.0,-4.637445609472733,-4.629059753019969,CONTROL,0,10.890823,12.846797,-1
ING2,1.0,0.0,100.0,0.0,1.0,0.0,-5.7173585302704755,-5.587753188274571,CONTROL,0,16.936192,7.466801,-1
INPP4B,1.5,1.5,100.0,0.0,0.0,0.0,-5.589145600547311,-5.594784117636929,CONTROL,0,4.9349113,9.281575,-1
INS,31.0,14.0,100.0,6.451612903225806,1.2258064516129032,74.19354838709677,-5.384978748246076,-5.38920881872794,CONTROL,0,10.93097,23.531485,-1
INS-IGF2,5.0,4.0,100.0,0.0,1.4,100.0,-5.616802524639298,-5.529860688666382,CONTROL,0,11.362578,23.369364,-1
IRAK1,1.0,1.0,100.0,0.0,0.0,0.0,-7.0,-7.0,CONTROL,0,-21.637354,6.6176987,-1
IRF3,1.0,0.0,100.0,0.0,0.0,0.0,-6.401421710497003,-6.2620393165050565,CONTROL,0,-2.160481,6.5145545,-1
IRX6,1.0,1.0,100.0,0.0,0.0,0.0,-5.500847170078116,-5.458677934460086,CONTROL,0,5.648887,9.333745,-1
IWS1,1.0,1.0,100.0,0.0,0.0,0.0,-3.804636505820151,-3.9226430516637296,CONTROL,0,8.812384,16.902946,-1
KCNK2,1.0,1.0,100.0,0.0,1.0,0.0,-6.089068876739292,-6.117766318189912,CONTROL,0,17.384441,3.0024607,-1
KHDC3L,4.0,3.0,100.0,75.0,0.25,25.0,-5.38528136208756,-5.4500244019688395,CONTROL,0,10.02226,24.736591,-1
KIAA1143,2.0,2.0,100.0,0.0,0.0,0.0,-7.0,-7.0,CONTROL,0,-20.764978,5.4304647,-1
KIAA1671,1.0,1.0,100.0,0.0,0.0,0.0,-5.751617975793517,-5.7822672974211775,CONTROL,0,3.4202259,8.84286,-1
KIF17,2.0,2.0,100.0,0.0,1.0,0.0,-5.579396512339377,-5.64732073420599,CONTROL,0,16.615654,7.397854,-1
KIFC1,1.0,0.0,100.0,0.0,0.0,0.0,-5.197136633214996,-5.160778040926566,CONTROL,0,8.321076,10.432174,-1
KLC2,2.0,2.0,100.0,0.0,0.5,0.0,-6.008851369069019,-6.047747352951781,CONTROL,0,6.927118,2.6924722,-1
KLHL13,1.0,1.0,100.0,0.0,0.0,0.0,-4.5614041968248875,-4.487909701299263,CONTROL,0,10.526901,17.894432,-1
KLHL33,1.0,1.0,100.0,0.0,0.0,0.0,-5.803942468090403,-5.67991711315933,CONTROL,0,3.5567777,9.166334,-1
KLLN,15.0,11.0,100.0,0.0,0.9333333333333332,0.0,-5.921885394007722,-5.912765550653589,CONTROL,0,17.675104,4.7025704,-1
KLRC4,1.0,1.0,100.0,0.0,1.0,0.0,-5.54468640144019,-5.649615109495389,CONTROL,0,16.44816,7.54809,-1
KRABD1-AS1,2.0,2.0,100.0,0.0,0.0,0.0,-6.184780220672248,-6.224826989279519,CONTROL,0,-0.86475694,6.855743,-1
KRT13,2.0,2.0,100.0,0.0,0.0,100.0,-5.467761895226553,-5.537267427770983,CONTROL,0,11.781253,23.68259,-1
KRT2,11.0,7.0,100.0,0.0,0.7272727272727273,100.0,-5.937411541414364,-5.951983569626897,CONTROL,0,11.513347,23.490168,-1
KRT85,1.0,1.0,100.0,100.0,0.0,0.0,-7.0,-7.0,CONTROL,0,8.878742,25.509323,-1
KRTAP10-11,1.0,1.0,100.0,0.0,1.0,0.0,-5.944352388393685,-6.032242735698707,CONTROL,0,17.744884,3.9650443,-1
KRTAP13-3,1.5,1.5,100.0,0.0,0.0,0.0,-5.4115877312131175,-5.364931856806855,CONTROL,0,6.709862,10.111993,-1
KRTAP22-2,1.0,1.0,100.0,0.0,1.0,0.0,-4.603921896618897,-4.847880107787422,CONTROL,0,11.23117,12.471446,-1
LAT,13.0,12.0,100.0,69.23076923076923,0.6923076923076923,0.0,-6.21991900773122,-6.183810657396507,CONTROL,0,9.462378,24.816278,-1
LCAT,40.0,25.0,100.0,37.5,1.0,52.5,-5.779862591780569,-5.76391005146329,CONTROL,0,10.665609,23.719841,-1
LCE2A,1.0,1.0,100.0,0.0,0.0,0.0,-5.291756565743321,-5.358687790806586,CONTROL,0,6.802654,10.021774,-1
LDHAL6B,1.0,1.0,100.0,0.0,1.0,0.0,-7.0,-7.0,CONTROL,0,3.909344,-6.648484,-1
LINC00323,1.0,1.0,100.0,0.0,1.0,0.0,-5.173265275109735,-5.231944998482168,CONTROL,0,14.238791,9.219724,-1
LINC01099,1.0,1.0,100.0,0.0,1.0,0.0,-5.114835134724099,-4.928637819824198,CONTROL,0,13.200571,10.008922,-1
LINC01687,1.0,1.0,100.0,0.0,0.0,0.0,-4.410934019262312,-4.32343568099585,CONTROL,0,9.968799,17.701279,-1
LINC02209,1.0,1.0,100.0,0.0,0.0,0.0,-4.962741227637219,-5.067171206615336,CONTROL,0,12.766255,16.21196,-1
LIPH,1.0,1.0,100.0,0.0,1.0,0.0,-5.759666497816991,-5.897887351273502,CONTROL,0,17.57667,5.2225947,-1
LIPT1,7.0,2.0,100.0,42.857142857142854,1.2857142857142858,57.14285714285714,-6.055568770814166,-6.02627099411133,CONTROL,0,10.440035,24.010422,-1
LKAAEAR1,1.0,0.0,100.0,0.0,0.0,0.0,-5.569231465973326,-5.536543126228533,CONTROL,0,5.1225643,9.334614,-1
LMBR1L,2.0,0.0,100.0,0.0,0.0,100.0,-5.41706306691731,-5.521464480807472,CONTROL,0,11.772296,23.676031,-1
LNCEGFL7OS,1.0,1.0,100.0,0.0,0.0,0.0,-6.635444194337123,-6.367109769503173,CONTROL,0,-3.1053276,6.347319,-1
LOC100288728,1.0,1.0,100.0,0.0,0.0,0.0,-4.88697363361853,-4.847220883449686,CONTROL,0,12.107045,17.070412,-1
LOC100506403,1.0,1.0,100.0,0.0,0.0,0.0,-6.489813415094838,-6.575272168608434,CONTROL,0,-3.496024,6.2758274,-1
LOC101926956,1.0,1.0,100.0,0.0,0.0,0.0,-7.0,-7.0,CONTROL,0,-21.403185,6.521577,-1
LOC102724883,1.0,1.0,100.0,0.0,1.0,0.0,-4.907597988532302,-4.906566321138498,CONTROL,0,11.663606,11.98273,-1
LOC105369308,1.0,1.0,100.0,0.0,0.0,0.0,-5.329323036970019,-5.419612941627772,CONTROL,0,6.6492457,9.963321,-1
LOC105377134,1.0,1.0,100.0,0.0,0.0,0.0,-4.893614297966012,-4.569902354576198,CONTROL,0,11.3493395,17.82837,-1
LOC107988025,1.0,1.0,100.0,0.0,1.0,0.0,-5.7857471047581805,-5.802145919059309,CONTROL,0,17.351349,6.081408,-1
LOC109279841,1.0,1.0,100.0,0.0,0.0,0.0,-7.0,-7.0,CONTROL,0,-21.532263,6.414184,-1
LOC110120574,1.0,1.0,100.0,0.0,1.0,0.0,-3.027843257372022,-3.001066517588239,CONTROL,0,8.909151,15.307857,-1
LOC110120767,1.0,1.0,100.0,0.0,0.0,0.0,-5.352835397970921,-5.360614763232234,CONTROL,0,6.774731,10.089442,-1
LOC110120798,1.0,1.0,100.0,0.0,1.0,0.0,-7.0,-7.0,CONTROL,0,3.8441477,-6.4746256,-1
LOC110121053,1.0,1.0,100.0,0.0,1.0,0.0,-5.184538467727585,-5.340926232399059,CONTROL,0,14.492634,9.1146,-1
LOC110121110,1.0,1.0,100.0,0.0,0.0,0.0,-2.828114126506699,-2.8532487508484916,CONTROL,0,8.811096,16.5266,-1
LOC111828515,1.0,1.0,100.0,0.0,0.0,0.0,-5.429157888504101,-5.278728236485307,CONTROL,0,6.741274,10.113769,-1
LOC112268458,1.0,1.0,100.0,0.0,1.0,0.0,-4.094086612470329,-4.177659982303596,CONTROL,0,9.252559,14.665903,-1
LOC112694733,1.0,1.0,100.0,0.0,0.0,0.0,-4.754101447024404,-4.616647601889159,CONTROL,0,11.322656,17.851852,-1
LOC113788270,1.0,1.0,100.0,0.0,0.0,0.0,-6.334029332070701,-6.341477336885411,CONTROL,0,-2.1950803,6.5771723,-1
LOC113788274,1.0,1.0,100.0,0.0,0.0,0.0,-5.998607234235516,-5.946226877555715,CONTROL,0,1.415775,7.983009,-1
LOC113875040,2.0,2.0,100.0,0.0,1.0,0.0,-6.688888653217905,-6.6737123572937875,CONTROL,0,15.4612,0.046281878,-1
LOC115995518,1.0,1.0,100.0,0.0,0.0,0.0,-3.593717383872885,-3.669198707625771,CONTROL,0,8.766123,16.740124,-1
LOC116158512,1.0,1.0,100.0,0.0,0.0,0.0,-7.0,-7.0,CONTROL,0,-21.273111,6.1749334,-1
LOC116186926,1.0,1.0,100.0,0.0,0.0,0.0,-6.033963269764611,-6.047372033735459,CONTROL,0,0.6686537,7.609616,-1
LOC121056751,1.0,1.0,100.0,0.0,0.0,0.0,-7.0,-7.0,CONTROL,0,-21.545385,6.2333994,-1
LOC121627969,1.0,1.0,100.0,0.0,0.0,0.0,-7.0,-7.0,CONTROL,0,-21.618347,6.55921,-1
LOC121725167,1.0,1.0,100.0,0.0,0.0,0.0,-7.0,-7.0,CONTROL,0,-21.629183,6.56212,-1
LOC121853044,1.0,1.0,100.0,0.0,0.0,0.0,-4.183371946812959,-4.298132471753249,CONTROL,0,9.634668,17.583612,-1
LOC122152356,1.0,1.0,100.0,0.0,1.0,0.0,-6.84428648772755,-6.85241951523956,CONTROL,0,14.995733,-0.47361505,-1
LOC122152358,1.0,1.0,100.0,0.0,0.0,0.0,-6.08182040422172,-6.084200257529503,CONTROL,0,0.6191341,7.591336,-1
LOC123956249,1.0,1.0,100.0,0.0,0.0,0.0,-4.490146505920958,-4.491326431516394,CONTROL,0,10.453197,17.84082,-1
LOC123956275,1.0,1.0,100.0,0.0,0.0,0.0,-4.189617698380561,-4.302991550157814,CONTROL,0,9.617592,17.581182,-1
LOC123956285,1.0,1.0,100.0,0.0,1.0,0.0,-4.923319652755733,-4.769537933168813,CONTROL,0,11.63037,12.021909,-1
LOC124153122,1.0,1.0,100.0,0.0,1.0,0.0,-5.182655558196625,-5.193539036108172,CONTROL,0,14.257051,9.271877,-1
LOC124310616,1.0,1.0,100.0,0.0,0.0,0.0,-5.168262573149974,-5.283249925230263,CONTROL,0,7.977118,10.346797,-1
LOC124416905,1.0,1.0,100.0,0.0,0.0,0.0,-6.856564161827741,-6.8276655895383715,CONTROL,0,-19.358122,6.85675,-1
LOC124625831,1.0,1.0,100.0,0.0,1.0,0.0,-5.813784001526156,-5.780941008180109,CONTROL,0,17.370922,6.0483384,-1
LOC124629327,1.0,1.0,100.0,0.0,1.0,0.0,-3.291651735660135,-3.3054092675242552,CONTROL,0,8.899774,15.275465,-1
LOC124849277,1.0,1.0,100.0,0.0,0.0,0.0,-4.8702237760382,-4.8248652364528475,CONTROL,0,12.001152,17.191462,-1
LOC125467762,2.0,2.0,100.0,0.0,1.0,0.0,-5.52395737148613,-5.535673180139982,CONTROL,0,15.889975,8.153276,-1
LOC126653322,1.0,1.0,100.0,0.0,1.0,0.0,-5.086415510338876,-5.13100829767453,CONTROL,0,13.576878,9.739902,-1
LOC126653353,1.0,1.0,100.0,0.0,0.0,0.0,-4.854884300109441,-4.7776185513454,CONTROL,0,11.934282,17.254263,-1
LOC126805638,1.0,1.0,100.0,0.0,0.0,0.0,-6.168149191516736,-6.2430520719531195,CONTROL,0,-0.80893886,6.8778214,-1
LOC126806056,1.0,1.0,100.0,0.0,1.0,0.0,-4.995366611560392,-5.014083732167852,CONTROL,0,13.154225,10.039612,-1
LOC126807155,1.0,1.0,100.0,0.0,0.0,0.0,-7.0,-7.0,CONTROL,0,-21.852413,6.4019656,-1
LOC126807230,1.0,0.0,100.0,0.0,0.0,0.0,-5.9731320170294655,-6.044989533951489,CONTROL,0,0.8262313,7.70154,-1
LOC126807234,1.5,1.5,100.0,0.0,1.0,0.0,-5.910829778224852,-5.989278082381235,CONTROL,0,17.725218,4.423348,-1
LOC126807243,1.0,0.0,100.0,0.0,0.0,0.0,-6.033557053505211,-6.120549054562582,CONTROL,0,0.4745209,7.4535527,-1
LOC126807253,1.0,1.0,100.0,0.0,0.0,0.0,-4.365285221639945,-4.360734457755746,CONTROL,0,9.947105,17.684238,-1
LOC126807282,1.0,1.0,100.0,0.0,0.0,0.0,-5.983018510353202,-6.116916554253092,CONTROL,0,0.40788397,7.384003,-1
LOC126807294,1.0,1.0,100.0,0.0,0.0,0.0,-6.012655836456992,-6.253833069761762,CONTROL,0,0.14036754,7.2257624,-1
LOC126807300,1.0,1.0,100.0,0.0,0.0,0.0,-4.77103611437876,-4.817147880918327,CONTROL,0,11.748504,17.412714,-1
LOC126807308,1.0,1.0,100.0,0.0,0.0,0.0,-6.517483724868624,-6.549035049328969,CONTROL,0,-3.4831011,6.3263826,-1
LOC126807318,1.0,1.0,100.0,0.0,1.0,0.0,-6.0040651897353365,-5.997955182749866,CONTROL,0,17.709312,3.815029,-1
LOC126807380,1.0,1.0,100.0,0.0,1.0,0.0,-5.12526119183747,-5.087488594051204,CONTROL,0,13.499301,9.802884,-1
LOC126860279,2.0,2.0,100.0,0.0,1.0,0.0,-5.785209733563141,-5.786716747515932,CONTROL,0,17.321245,6.181448,-1
LOC126860300,2.0,2.0,100.0,0.0,0.0,0.0,-5.854685691648752,-5.856794590022349,CONTROL,0,2.5476007,8.532746,-1
LOC126860318,1.0,1.0,100.0,0.0,1.0,0.0,-7.0,-7.0,CONTROL,0,3.812263,-6.7257485,-1
LOC126860367,1.0,1.0,100.0,0.0,0.0,0.0,-6.05947756152859,-6.1601322154334115,CONTROL,0,0.2936338,7.303719,-1
LOC126860599,1.0,1.0,100.0,0.0,0.0,0.0,-7.0,-7.0,CONTROL,0,-21.7971,6.2726345,-1
LOC126860732,1.0,1.0,100.0,0.0,0.0,0.0,-6.781350137763949,-6.781148666273193,CONTROL,0,-19.287075,6.8919516,-1
LOC126860815,1.0,1.0,100.0,0.0,0.0,0.0,-4.13137657730149,-4.071878323697821,CONTROL,0,9.11439,17.266636,-1
LOC126861402,1.0,1.0,100.0,0.0,0.0,0.0,-7.0,-7.0,CONTROL,0,-21.442173,6.235922,-1
LOC126862465,1.0,1.0,100.0,0.0,0.0,0.0,-7.0,-7.0,CONTROL,0,-21.55545,6.5547495,-1
LOC126863228,1.0,1.0,100.0,0.0,0.0,0.0,-7.0,-7.0,CONTROL,0,-21.370735,6.1536283,-1
LOC126863271,1.0,1.0,100.0,0.0,0.0,0.0,-6.109136088857563,-6.029549915334454,CONTROL,0,0.7253184,7.689999,-1
LOC126863290,1.0,1.0,100.0,0.0,1.0,0.0,-5.80266104367555,-5.65153148790316,CONTROL,0,17.182335,7.193639,-1
LOC129388792,1.0,1.0,100.0,0.0,1.0,0.0,-7.0,-7.0,CONTROL,0,3.7117832,-6.5613804,-1
LOC129389191,1.0,1.0,100.0,0.0,0.0,0.0,-3.4849404241676183,-3.339465113937625,CONTROL,0,8.798814,16.63153,-1
LOC129389257,1.0,1.0,100.0,0.0,0.0,0.0,-4.084582798052823,-4.059960040832862,CONTROL,0,9.061246,17.226397,-1
LOC129389851,1.0,1.0,100.0,0.0,0.0,0.0,-5.5969799998944705,-5.600820654701751,CONTROL,0,4.973525,9.316498,-1
LOC129389873,1.0,1.0,100.0,0.0,1.0,0.0,-5.3732685143621,-5.473968853223913,CONTROL,0,15.162768,8.645778,-1
LOC129389925,1.0,1.0,100.0,0.0,0.0,0.0,-6.244274709874068,-6.452977784356569,CONTROL,0,-2.385258,6.603473,-1
LOC129389957,1.5,1.5,100.0,0.0,1.0,0.0,-5.827598418423268,-5.842879042674559,CONTROL,0,17.545929,5.3866744,-1
LOC129390007,2.0,2.0,100.0,0.0,0.0,0.0,-5.791767712804255,-5.85137639648482,CONTROL,0,2.8311286,8.612889,-1
LOC129390798,1.0,1.0,100.0,0.0,1.0,0.0,-6.278209465319898,-6.271891548273328,CONTROL,0,16.754377,1.8850173,-1
LOC129391039,1.0,1.0,100.0,0.0,0.0,0.0,-7.0,-7.0,CONTROL,0,-21.352987,6.5480394,-1
LOC129929051,1.0,1.0,100.0,0.0,1.0,0.0,-3.967186867676955,-4.089025361450467,CONTROL,0,9.133568,14.83665,-1
LOC129929295,1.0,1.0,100.0,0.0,1.0,0.0,-7.0,-7.0,CONTROL,0,3.666525,-6.4031124,-1
LOC129929345,1.0,1.0,100.0,0.0,1.0,0.0,-7.0,-7.0,CONTROL,0,3.493311,-6.5371222,-1
LOC129929367,2.0,0.0,100.0,0.0,1.0,0.0,-6.470770965307432,-6.428479134138941,CONTROL,0,16.13554,0.8557373,-1
LOC129929410,2.0,2.0,100.0,0.0,0.0,0.0,-4.289927590731669,-4.467265535765474,CONTROL,0,10.079019,17.760008,-1
LOC129929449,2.0,2.0,100.0,0.0,0.0,0.0,-6.852154466269755,-6.712283513590791,CONTROL,0,-19.304012,6.8565583,-1
LOC129929503,1.0,1.0,100.0,0.0,0.0,0.0,-7.0,-7.0,CONTROL,0,-21.6916,6.3320575,-1
LOC129929512,2.0,2.0,100.0,0.0,1.0,0.0,-5.70165676000067,-5.812155914080078,CONTROL,0,17.078436,6.512156,-1
LOC129932655,1.0,1.0,100.0,0.0,0.0,0.0,-7.0,-7.0,CONTROL,0,-21.55978,6.3671803,-1
LOC129932657,1.0,1.0,100.0,0.0,0.0,0.0,-6.353361047129711,-6.616654507639908,CONTROL,0,-2.8405118,6.476994,-1
LOC129932748,1.0,1.0,100.0,0.0,1.0,0.0,-4.555887830146678,-4.577286405066869,CONTROL,0,10.686326,13.058014,-1
LOC129932820,1.0,1.0,100.0,0.0,0.0,0.0,-6.664319407670386,-7.0,CONTROL,0,-19.489836,6.8890524,-1
LOC129932841,1.0,1.0,100.0,0.0,1.0,0.0,-5.630353634226174,-5.462689221897792,CONTROL,0,16.034672,8.066271,-1
LOC129932905,1.0,1.0,100.0,0.0,0.0,0.0,-5.256405514068539,-5.406633201269376,CONTROL,0,6.8380184,9.9881935,-1
LOC129932959,1.0,1.0,100.0,0.0,1.0,0.0,-3.8289566774457895,-4.075118551391987,CONTROL,0,9.0836,14.925689,-1
LOC129937960,1.0,1.0,100.0,0.0,0.0,0.0,-4.309810877586566,-4.259461444070228,CONTROL,0,9.75437,17.630886,-1
LOC129938118,1.0,1.0,100.0,0.0,1.0,0.0,-6.751377030125043,-6.858527125872787,CONTROL,0,15.044247,-0.42196852,-1
LOC129938180,1.0,1.0,100.0,0.0,1.0,0.0,-7.0,-7.0,CONTROL,0,3.7149103,-6.6895924,-1
LOC129938226,1.0,1.0,100.0,0.0,0.0,0.0,-7.0,-7.0,CONTROL,0,-21.356041,6.3241696,-1
LOC129938256,1.0,1.0,100.0,0.0,0.0,0.0,-7.0,-7.0,CONTROL,0,-21.690178,6.3642926,-1
LOC129938270,1.0,1.0,100.0,0.0,1.0,0.0,-7.0,-7.0,CONTROL,0,3.591608,-6.6289124,-1
LOC129938281,1.0,1.0,100.0,0.0,0.0,0.0,-7.0,-7.0,CONTROL,0,-21.77694,6.302977,-1
LOC129993130,1.0,1.0,100.0,0.0,0.0,0.0,-5.664339525467172,-5.722745959695122,CONTROL,0,3.9720998,9.018948,-1
LOC129993222,1.5,1.5,100.0,0.0,1.0,0.0,-6.18821640981666,-6.160351309741727,CONTROL,0,17.148355,2.5600839,-1
LOC129993358,1.0,1.0,100.0,0.0,0.0,0.0,-3.6729710041945567,-3.810095798800272,CONTROL,0,8.771377,16.747604,-1
LOC129993405,1.0,1.0,100.0,0.0,0.0,0.0,-5.783818833810974,-5.865927823579169,CONTROL,0,2.8587325,8.56346,-1
LOC129993452,1.0,1.0,100.0,0.0,1.0,0.0,-5.350388990188604,-5.1332683467141145,CONTROL,0,14.446999,9.134821,-1
LOC129993456,1.0,1.0,100.0,0.0,1.0,0.0,-5.860603150182017,-5.785021139151365,CONTROL,0,17.438528,5.814435,-1
LOC129993487,1.0,0.0,100.0,0.0,1.0,0.0,-7.0,-7.0,CONTROL,0,4.0857677,-6.459678,-1
LOC129993535,1.0,1.0,100.0,0.0,0.0,0.0,-3.80639585335857,-3.7550643767013216,CONTROL,0,8.839999,16.839987,-1
LOC129993541,1.0,1.0,100.0,0.0,0.0,0.0,-4.736154454578568,-4.793450453597111,CONTROL,0,11.675324,17.458498,-1
LOC129993555,1.0,1.0,100.0,0.0,0.0,0.0,-4.717781287601068,-4.652855532328819,CONTROL,0,11.261076,17.865936,-1
LOC129993574,1.0,1.0,100.0,0.0,0.0,0.0,-5.88255139556129,-5.6936379614466395,CONTROL,0,3.3909488,9.3048315,-1
LOC129993581,1.0,1.0,100.0,0.0,0.0,0.0,-6.196822435154023,-6.189196432627437,CONTROL,0,-0.86433595,6.869748,-1
LOC129993584,1.0,1.0,100.0,0.0,0.0,0.0,-7.0,-7.0,CONTROL,0,-21.64291,6.4416122,-1
LOC129993594,2.0,2.0,100.0,0.0,1.0,0.0,-6.431710623200434,-6.489981808917919,CONTROL,0,16.123484,0.837184,-1
LOC129993655,1.0,1.0,100.0,0.0,0.0,0.0,-5.737463525193967,-5.544184601618467,CONTROL,0,4.5589724,9.288499,-1
LOC129993670,1.0,1.0,100.0,0.0,0.0,0.0,-7.0,-7.0,CONTROL,0,-21.612017,6.189092,-1
LOC129993771,1.0,1.0,100.0,0.0,0.0,0.0,-6.260368577831823,-6.157108829938718,CONTROL,0,-1.1620834,6.8151426,-1
LOC129995141,1.0,1.0,100.0,0.0,1.0,0.0,-6.293734836514023,-6.410049903961773,CONTROL,0,16.497477,1.3447706,-1
LOC129995157,1.0,1.0,100.0,0.0,0.0,0.0,-3.6205763632895738,-3.882120176944257,CONTROL,0,8.737674,16.701628,-1
LOC129995374,1.0,1.0,100.0,0.0,1.0,0.0,-3.5862874079934652,-3.8502736449271526,CONTROL,0,8.980057,15.12014,-1
LOC129995377,1.0,1.0,100.0,0.0,1.0,0.0,-4.946897749360789,-5.178409561484506,CONTROL,0,13.487336,9.700688,-1
LOC129995390,1.0,1.0,100.0,0.0,0.0,0.0,-5.948647965638574,-5.728051884731639,CONTROL,0,3.2951555,9.28194,-1
LOC129995549,1.0,1.0,100.0,0.0,0.0,0.0,-5.518166881405454,-5.3088074915564425,CONTROL,0,5.670116,9.671056,-1
LOC129995740,1.0,1.0,100.0,0.0,1.0,0.0,-2.5618119328442406,-2.6328564825768654,CONTROL,0,8.8914795,15.337039,-1
LOC129995779,1.0,1.0,100.0,0.0,0.0,0.0,-5.279854809648725,-5.135871739424743,CONTROL,0,8.462038,10.563338,-1
LOC129996048,1.0,1.0,100.0,0.0,0.0,0.0,-5.4778060821343475,-5.5039838960868765,CONTROL,0,5.799083,9.332983,-1
LOC129999369,1.0,1.0,100.0,0.0,1.0,0.0,-6.471433927922433,-6.518629799057822,CONTROL,0,16.01873,0.71161294,-1
LOC129999550,1.0,1.0,100.0,0.0,0.0,0.0,-6.243663098349597,-6.332385140108434,CONTROL,0,-1.7328383,6.683936,-1
LOC129999565,1.0,1.0,100.0,0.0,1.0,0.0,-7.0,-7.0,CONTROL,0,3.5904605,-6.5340304,-1
LOC129999570,1.0,1.0,100.0,0.0,1.0,0.0,-5.284843579108446,-5.354021432570164,CONTROL,0,14.757151,8.92373,-1
LOC129999585,1.0,1.0,100.0,0.0,0.0,0.0,-5.591383557329899,-5.38056310322755,CONTROL,0,5.5508137,9.59709,-1
LOC129999596,1.0,1.0,100.0,0.0,0.0,0.0,-5.741253118715409,-5.938914004968749,CONTROL,0,2.7691302,8.547241,-1
LOC129999732,1.0,1.0,100.0,0.0,0.0,0.0,-5.107882084445813,-5.207175508481236,CONTROL,0,7.996481,10.323158,-1
LOC129999740,1.0,1.0,100.0,0.0,0.0,0.0,-4.463935569600484,-4.294796033913413,CONTROL,0,10.120033,17.771772,-1
LOC129999743,1.0,1.0,100.0,0.0,1.0,0.0,-7.0,-7.0,CONTROL,0,3.6701045,-6.4679174,-1
LOC129999790,1.5,1.5,100.0,0.0,0.0,0.0,-4.957152848559594,-4.932384785075173,CONTROL,0,12.497078,16.618242,-1
LOC129999874,1.5,1.5,100.0,0.0,1.0,0.0,-4.7585989810770375,-4.84697747179461,CONTROL,0,11.396936,12.283484,-1
LOC129999903,2.0,2.0,100.0,0.0,0.0,0.0,-6.531691293713138,-6.55130597236427,CONTROL,0,-3.595428,6.2847023,-1
LOC129999986,1.5,1.5,100.0,0.0,1.0,0.0,-5.685527862425223,-5.609688583592289,CONTROL,0,16.890253,7.535382,-1
LOC130000011,1.0,1.0,100.0,0.0,0.0,0.0,-5.097360502181988,-5.200770957923736,CONTROL,0,7.9843793,10.333522,-1
LOC130000042,1.0,1.0,100.0,0.0,1.0,0.0,-5.90372733266196,-5.868740230852568,CONTROL,0,17.62531,4.9587946,-1
LOC130000091,1.0,1.0,100.0,0.0,0.0,0.0,-4.225834719406703,-4.193030036560246,CONTROL,0,9.618158,17.57939,-1
LOC130000120,1.5,1.5,100.0,0.0,0.0,0.0,-5.720257913086368,-5.621892644927495,CONTROL,0,4.0762515,9.142055,-1
LOC130000205,1.0,1.0,100.0,0.0,1.0,0.0,-6.447470100724514,-6.427146091496862,CONTROL,0,16.18566,0.9113984,-1
LOC130000296,1.0,1.0,100.0,0.0,0.0,0.0,-6.538025230380304,-6.571251245093041,CONTROL,0,-3.580146,6.2691207,-1
LOC130000316,1.0,1.0,100.0,0.0,0.0,0.0,-5.072768999357969,-5.235273962930862,CONTROL,0,8.000686,10.332827,-1
LOC130000833,2.0,2.0,100.0,0.0,0.0,0.0,-5.080042841032199,-5.109795210380817,CONTROL,0,12.9991045,15.898544,-1
LOC130000876,2.0,2.0,100.0,0.0,0.0,0.0,-4.88045428417628,-4.821088742362216,CONTROL,0,12.005683,17.18222,-1
LOC130001653,1.0,1.0,100.0,0.0,0.0,0.0,-5.536409800277265,-5.663528388104584,CONTROL,0,4.728424,9.162238,-1
LOC130001711,1.0,1.0,100.0,0.0,0.0,0.0,-4.025400419132696,-3.841104176131986,CONTROL,0,8.932453,17.08322,-1
LOC130001815,1.0,1.0,100.0,0.0,0.0,0.0,-3.7137050260436704,-3.870548538642292,CONTROL,0,8.783612,16.782093,-1
LOC130002668,1.0,1.0,100.0,0.0,0.0,0.0,-6.220066489039599,-6.263303732163136,CONTROL,0,-1.0608635,6.8468266,-1
LOC130002822,1.0,1.0,100.0,0.0,1.0,0.0,-5.54917413002709,-5.538858099160406,CONTROL,0,15.899,8.147322,-1
LOC130003134,1.0,1.0,100.0,0.0,0.0,0.0,-7.0,-7.0,CONTROL,0,-21.748312,6.277524,-1
LOC130003236,1.0,1.0,100.0,0.0,1.0,0.0,-5.36925614098175,-5.329486321097627,CONTROL,0,14.908328,8.819425,-1
LOC130003296,1.0,1.0,100.0,0.0,0.0,0.0,-6.3363384996646275,-6.418152555095797,CONTROL,0,-2.4629586,6.5422626,-1
LOC130003388,1.0,1.0,100.0,0.0,0.0,0.0,-5.088025705372602,-4.946508213822197,CONTROL,0,12.874389,16.068205,-1
LOC130003505,1.0,0.0,100.0,0.0,0.0,0.0,-5.342547728625106,-5.463866945610838,CONTROL,0,6.501892,9.844383,-1
LOC130004644,1.0,1.0,100.0,0.0,0.0,0.0,-6.529199598243328,-6.522829038799685,CONTROL,0,-3.398153,6.325613,-1
LOC130004966,1.0,1.0,100.0,0.0,0.0,0.0,-5.63201944053273,-5.346674314423574,CONTROL,0,5.5152965,9.622402,-1
LOC130006902,1.0,1.0,100.0,0.0,0.0,0.0,-4.137816012350249,-4.313098018841921,CONTROL,0,9.615206,17.582346,-1
LOC130007356,1.0,1.0,100.0,0.0,0.0,0.0,-3.9877650893344807,-4.3592390230346245,CONTROL,0,9.599687,17.575144,-1
LOC130007524,1.0,1.0,100.0,0.0,1.0,0.0,-7.0,-7.0,CONTROL,0,3.6061785,-6.4371147,-1
LOC130055255,1.0,0.0,100.0,0.0,0.0,0.0,-4.971595865409685,-5.23515305120716,CONTROL,0,8.028194,10.366134,-1
LOC130055288,1.5,1.5,100.0,0.0,0.0,0.0,-4.946910858459084,-4.978301536118492,CONTROL,0,12.568503,16.518063,-1
LOC130055433,2.0,2.0,100.0,0.0,0.0,0.0,-4.605063608993547,-4.56195718479845,CONTROL,0,10.995763,17.914618,-1
LOC130055506,1.0,1.0,100.0,0.0,1.0,0.0,-7.0,-7.0,CONTROL,0,3.8999217,-6.737041,-1
LOC130055610,1.0,0.0,100.0,0.0,0.0,0.0,-7.0,-7.0,CONTROL,0,-21.631783,7.0014863,-1
LOC130057578,1.0,1.0,100.0,0.0,0.0,0.0,-7.0,-7.0,CONTROL,0,-21.778767,6.4423385,-1
LOC130057593,1.0,1.0,100.0,0.0,1.0,0.0,-5.910022641664392,-5.871281071105421,CONTROL,0,17.647694,4.871436,-1
LOC130057872,1.0,1.0,100.0,0.0,0.0,0.0,-4.474772741916825,-4.496481423501088,CONTROL,0,10.399053,17.84578,-1
LOC130058104,1.0,1.0,100.0,0.0,1.0,0.0,-5.982794606884709,-6.117513125744825,CONTROL,0,17.518705,3.2086484,-1
LOC130058252,1.0,1.0,100.0,0.0,1.0,0.0,-4.4022613808836155,-4.5225590918910825,CONTROL,0,10.090649,13.67246,-1
LOC130058255,1.0,1.0,100.0,0.0,1.0,0.0,-5.663224351498917,-5.6381848777574906,CONTROL,0,16.80697,7.434341,-1
LOC130058425,1.0,1.0,100.0,0.0,0.0,0.0,-5.7932097118928185,-5.851629392922353,CONTROL,0,2.8333273,8.573323,-1
LOC130059247,1.0,1.0,100.0,0.0,0.0,0.0,-4.696965736306041,-4.877425867816554,CONTROL,0,11.669005,17.469788,-1
LOC130059472,1.0,1.0,100.0,0.0,0.0,0.0,-7.0,-7.0,CONTROL,0,-21.555965,6.3097086,-1
LOC130059558,1.0,1.0,100.0,0.0,0.0,0.0,-5.213963190520871,-5.158142611028983,CONTROL,0,8.40066,10.505398,-1
LOC130059604,1.0,1.0,100.0,0.0,1.0,0.0,-5.030033770576378,-5.082565733840637,CONTROL,0,13.429925,9.782163,-1
LOC130059931,1.0,1.0,100.0,0.0,0.0,0.0,-7.0,-7.0,CONTROL,0,-21.705412,6.25314,-1
LOC130059979,1.0,1.0,100.0,0.0,1.0,0.0,-4.687951553745478,-4.601625996008443,CONTROL,0,10.898063,12.838325,-1
LOC130060079,1.0,1.0,100.0,0.0,1.0,0.0,-6.289067467189165,-6.1768201240881195,CONTROL,0,16.804516,2.0017521,-1
LOC130061427,2.0,2.0,100.0,0.0,1.0,0.0,-5.751072658532191,-5.590476973062537,CONTROL,0,17.036781,7.4114594,-1
LOC130063493,1.0,1.0,100.0,0.0,0.0,0.0,-5.318728840485945,-5.428487716454656,CONTROL,0,6.641743,9.953165,-1
LOC130063881,1.0,1.0,100.0,0.0,1.0,0.0,-3.929290257067992,-3.8070053248801705,CONTROL,0,9.015713,15.029341,-1
LOC130063900,1.0,1.0,100.0,0.0,0.0,0.0,-7.0,-7.0,CONTROL,0,-21.280535,6.1545486,-1
LOC130064108,1.0,1.0,100.0,0.0,0.0,0.0,-7.0,-7.0,CONTROL,0,-21.446177,6.511008,-1
LOC130065903,1.0,1.0,100.0,0.0,0.0,0.0,-7.0,-7.0,CONTROL,0,-21.435461,6.3458424,-1
LOC130066568,1.0,1.0,100.0,0.0,0.0,0.0,-6.003758257627689,-6.13473570561513,CONTROL,0,0.37116128,7.36079,-1
LOC130066578,1.0,1.0,100.0,0.0,0.0,0.0,-5.374985687094624,-5.347036673397799,CONTROL,0,6.7501006,10.091262,-1
LOC130066601,1.0,1.0,100.0,0.0,0.0,0.0,-6.583304836611013,-6.5919243823293385,CONTROL,0,-3.7181294,6.1959867,-1
LOC130066619,1.0,1.0,100.0,0.0,0.0,0.0,-6.543187081969084,-6.556953148664302,CONTROL,0,-3.6115363,6.234412,-1
LOC130066825,1.0,1.0,100.0,0.0,1.0,0.0,-5.163624677365553,-4.999593955270273,CONTROL,0,13.289074,9.936659,-1
LOC130066854,1.0,1.0,100.0,0.0,0.0,0.0,-7.0,-7.0,CONTROL,0,-21.374805,6.4325576,-1
LOC130066861,2.0,2.0,100.0,0.0,0.0,0.0,-6.4422460381523,-6.362678599356612,CONTROL,0,-2.5990317,6.4233155,-1
LOC130067046,1.0,1.0,100.0,0.0,0.0,0.0,-7.0,-7.0,CONTROL,0,-21.526632,6.450145,-1
LOC130067893,1.0,1.0,100.0,0.0,0.0,0.0,-7.0,-7.0,CONTROL,0,-21.439936,6.3082647,-1
LOC130068034,1.0,1.0,100.0,0.0,1.0,0.0,-5.486164276777606,-5.411202936725706,CONTROL,0,15.240317,8.590702,-1
LOC130068095,1.0,1.0,100.0,0.0,0.0,0.0,-6.3784004773393015,-6.327838870586897,CONTROL,0,-2.1910775,6.4978223,-1
LOC130068196,1.0,1.0,100.0,0.0,0.0,0.0,-4.182941322032636,-4.458759371140511,CONTROL,0,9.825408,17.672943,-1
LOC130068198,1.0,1.0,100.0,0.0,0.0,0.0,-6.26608045614693,-6.327573875769089,CONTROL,0,-1.8278915,6.651409,-1
LOC130068510,2.0,2.0,100.0,0.0,1.0,0.0,-4.431374715249724,-4.347903112645765,CONTROL,0,9.877748,13.895856,-1
LOC130068592,2.0,2.0,100.0,0.0,0.0,0.0,-7.0,-7.0,CONTROL,0,-20.76546,5.4306054,-1
LOC130068628,1.0,1.0,100.0,0.0,0.0,0.0,-7.0,-7.0,CONTROL,0,-21.692364,6.570406,-1
LOC130068795,1.0,1.0,100.0,0.0,1.0,0.0,-5.852217318897456,-5.884071030363997,CONTROL,0,17.616732,5.1290383,-1
LOC130068843,1.0,1.0,100.0,0.0,0.0,0.0,-6.326217740037558,-6.169972617352831,CONTROL,0,-1.269138,6.8003125,-1
LOC130068880,1.0,1.0,100.0,0.0,1.0,0.0,-3.837293983996793,-3.878449597199777,CONTROL,0,9.044346,15.006082,-1
LOC130068895,1.0,1.0,100.0,0.0,1.0,0.0,-7.0,-7.0,CONTROL,0,3.6913247,-6.6326957,-1
LOC132088909,1.0,1.0,100.0,0.0,0.0,0.0,-5.622902295955886,-5.938688321712665,CONTROL,0,2.7967718,8.503486,-1
LOC132089640,1.0,1.0,100.0,0.0,0.0,0.0,-5.190540999437946,-5.1592820282452285,CONTROL,0,8.290298,10.418554,-1
LOC132089684,1.0,1.0,100.0,0.0,0.0,0.0,-4.303609726588121,-4.505803654741222,CONTROL,0,10.013952,17.730003,-1
LOC132089916,1.0,1.0,100.0,0.0,0.0,0.0,-4.766784162378406,-4.792941493866982,CONTROL,0,11.687712,17.461927,-1
LOC132090103,1.0,1.0,100.0,0.0,1.0,0.0,-7.0,-7.0,CONTROL,0,3.6293874,-6.601144,-1
LOC132090471,1.0,1.0,100.0,0.0,0.0,0.0,-6.017457195080409,-5.9402945462238685,CONTROL,0,1.3732538,7.9646115,-1
LOC132090752,1.0,0.0,100.0,0.0,0.0,0.0,-4.768962474614464,-4.858951051967556,CONTROL,0,11.755876,17.404875,-1
LPL,1.0,1.0,100.0,0.0,1.0,0.0,-6.612785240823833,-6.53726990840483,CONTROL,0,15.671532,0.31323832,-1
LRRC14B,1.5,1.5,100.0,0.0,0.75,0.0,-6.564924959218524,-6.520863447385858,CONTROL,0,15.635989,0.4620758,-1
LRRC61,1.0,1.0,100.0,0.0,1.0,0.0,-6.07421862020689,-6.351140450945457,CONTROL,0,17.03956,2.062989,-1
LRRTM1,1.0,1.0,100.0,0.0,0.0,0.0,-6.242591995034747,-6.17266753588634,CONTROL,0,-1.1260488,6.8275743,-1
LZTS1,1.0,1.0,100.0,0.0,0.0,0.0,-4.854900223799168,-4.920611261642002,CONTROL,0,12.328503,16.820429,-1
MAT2A,2.0,2.0,100.0,0.0,1.0,50.0,-5.400041214009024,-5.411347928653404,CONTROL,0,10.669398,24.072433,-1
MBLAC1,1.0,0.0,100.0,100.0,0.0,0.0,-6.189843054417594,-6.0854177035280825,CONTROL,0,8.968809,25.455418,-1
MC4R,65.0,40.0,100.0,40.0,0.9846153846153848,50.76923076923077,-5.825840644384077,-5.824717597424744,CONTROL,0,10.7301855,23.584497,-1
MED27,1.0,1.0,100.0,0.0,1.0,0.0,-6.039596944780094,-6.161994988361501,CONTROL,0,17.427189,3.0509264,-1
MELTF,1.0,1.0,100.0,0.0,0.0,0.0,-4.3219317597187334,-4.226312116723,CONTROL,0,9.741405,17.634289,-1
MIA2,1.0,1.0,100.0,0.0,1.0,0.0,-7.0,-7.0,CONTROL,0,3.7780225,-6.7217937,-1
MICOS13,2.0,2.0,100.0,100.0,0.5,0.0,-7.0,-6.982331139843315,CONTROL,0,8.865592,25.464195,-1
MIER2,1.0,0.0,100.0,0.0,1.0,0.0,-6.364520691352194,-6.488577459404484,CONTROL,0,16.29136,1.0473281,-1
MIR105-1,1.0,1.0,100.0,0.0,1.0,0.0,-7.0,-7.0,CONTROL,0,3.8962379,-6.846132,-1
MIR126,1.0,1.0,100.0,0.0,0.0,0.0,-5.834940365667457,-5.820335712976652,CONTROL,0,2.7922003,8.686114,-1
MIR181C,1.0,1.0,100.0,0.0,1.0,0.0,-5.76216392012514,-5.696810625623769,CONTROL,0,17.231306,7.0400753,-1
MIR3674,2.0,2.0,100.0,0.0,1.0,0.0,-5.6965938430532495,-5.789229260787977,CONTROL,0,17.026905,6.5728426,-1
MIR448,1.0,1.0,100.0,0.0,0.0,0.0,-5.169840835367136,-5.216136542411246,CONTROL,0,8.128708,10.334149,-1
MIR4659A,1.5,1.5,100.0,0.0,0.0,0.0,-6.242517912981741,-6.232120056060305,CONTROL,0,-1.2313344,6.794861,-1
MIR98,1.0,1.0,100.0,0.0,1.0,0.0,-5.867199599337055,-5.835696463784558,CONTROL,0,17.5365,5.4150004,-1
MMP2,1.0,1.0,100.0,0.0,0.0,0.0,-6.460613176412826,-6.703716341675532,CONTROL,0,-3.7151918,6.241709,-1
MNDA,1.0,1.0,100.0,0.0,1.0,0.0,-5.615409933711887,-5.7823464248619,CONTROL,0,16.706804,6.942606,-1
MPZL2,1.0,0.0,100.0,0.0,0.0,0.0,-7.0,-7.0,CONTROL,0,-21.647285,6.9458804,-1
MRPL12,1.0,1.0,100.0,0.0,0.0,100.0,-4.8854862561973045,-4.795506842505243,CONTROL,0,11.762859,23.667952,-1
MRPS33,1.0,1.0,100.0,0.0,1.0,0.0,-6.482338520953727,-6.39060885170816,CONTROL,0,16.152222,0.87779033,-1
MSMP,1.0,0.0,100.0,0.0,0.0,0.0,-4.460738714032634,-4.680619947874053,CONTROL,0,10.932091,17.846611,-1
MZT2B,2.0,1.0,100.0,0.0,0.5,50.0,-4.974883108045487,-4.981346839262155,CONTROL,0,10.600271,24.24259,-1
N6AMT1,1.0,1.0,100.0,0.0,1.0,0.0,-6.213747938508491,-6.3553540088611165,CONTROL,0,16.916819,1.8772807,-1
NAA10,27.0,12.0,100.0,11.11111111111111,1.2592592592592593,81.48148148148148,-5.728675184312302,-5.753162884928972,CONTROL,0,11.08518,23.457008,-1
NBR2,1.5,1.5,100.0,0.0,0.0,0.0,-5.077321468379203,-5.067785425447958,CONTROL,0,12.97774,15.93412,-1
NCAPD2,1.0,1.0,100.0,0.0,0.0,0.0,-6.820641659529807,-6.813760845093682,CONTROL,0,-19.295252,6.8759394,-1
NDUFS6,1.0,1.0,100.0,0.0,0.0,0.0,-6.617108991943921,-6.581393177529351,CONTROL,0,-3.7352471,6.19253,-1
NDUFV1,55.0,32.0,100.0,69.0909090909091,1.2727272727272727,21.818181818181817,-6.16477527673285,-6.179185796103544,CONTROL,0,9.710809,23.874617,-1
NINJ2-AS1,1.0,1.0,100.0,0.0,0.0,0.0,-4.489629149809668,-4.863013387761998,CONTROL,0,11.191855,17.695473,-1
NLRC3,1.0,1.0,100.0,0.0,1.0,0.0,-5.325182650085445,-5.120801679721183,CONTROL,0,14.357069,9.20837,-1
NOVA1,2.0,2.0,100.0,0.0,1.0,0.0,-7.0,-7.0,CONTROL,0,3.7852595,-6.426682,-1
NR1D1,1.0,1.0,100.0,100.0,1.0,0.0,-6.351572868184271,-6.369292125284147,CONTROL,0,9.023155,25.031815,-1
NRROS,1.0,1.0,100.0,0.0,1.0,0.0,-7.0,-7.0,CONTROL,0,3.9065611,-6.769838,-1
NT5C2,1.0,0.0,100.0,0.0,0.0,0.0,-5.370114375335641,-5.3926238614522894,CONTROL,0,6.6950736,10.06247,-1
NT5C3B,1.0,1.0,100.0,0.0,1.0,0.0,-5.563990595062406,-5.779335108385329,CONTROL,0,16.653456,6.9905505,-1
NXT2,1.0,1.0,100.0,0.0,0.0,0.0,-5.305281675246134,-5.1762425778087024,CONTROL,0,8.456193,10.575491,-1
OCRL,1.0,1.0,100.0,0.0,1.0,0.0,-7.0,-7.0,CONTROL,0,3.7511425,-6.6697574,-1
OPN1LW,1.0,1.0,100.0,0.0,1.0,0.0,-6.343661798596003,-6.344179604871027,CONTROL,0,16.548643,1.4403212,-1
OPN1MW2,3.0,3.0,100.0,0.0,0.3333333333333333,0.0,-6.1410991533905905,-6.137046579083495,CONTROL,0,6.106485,3.5949671,-1
OR11L1,1.0,1.0,100.0,0.0,0.0,0.0,-6.32578422575776,-6.436921657056831,CONTROL,0,-2.4738522,6.5855618,-1
OR14L1,2.0,2.0,100.0,0.0,0.5,0.0,-6.624906146365291,-6.75541233162057,CONTROL,0,5.662482,2.545033,-1
OR1N2,1.0,1.0,100.0,0.0,0.0,0.0,-6.730122324083569,-6.777117711299401,CONTROL,0,-19.277664,6.8994017,-1
OR2C1,1.0,1.0,100.0,0.0,1.0,0.0,-5.931749439837591,-5.772004674934052,CONTROL,0,17.474651,5.680069,-1
OR2Y1,1.0,1.0,100.0,0.0,1.0,0.0,-6.373533060997268,-6.414594651922602,CONTROL,0,16.319733,1.1087643,-1
OR3A1,1.0,1.0,100.0,0.0,1.0,0.0,-5.682250854323211,-5.755188123103206,CONTROL,0,16.890856,6.7272687,-1
OR4F15,1.0,1.0,100.0,0.0,0.0,0.0,-7.0,-7.0,CONTROL,0,-21.5133,6.1303134,-1
ORAI3,1.0,0.0,100.0,0.0,0.0,0.0,-5.042166951077753,-4.956081944199361,CONTROL,0,12.819568,16.151587,-1
PACSIN3,3.0,3.0,100.0,100.0,0.0,0.0,-6.423766656323763,-6.501572120900259,CONTROL,0,8.921922,25.47316,-1
PCBP1,1.0,0.0,100.0,100.0,1.0,0.0,-6.864878680862687,-6.455888714737323,CONTROL,0,8.9937725,25.0558,-1
PCNA,1.0,0.0,100.0,0.0,2.0,100.0,-6.068031777509613,-6.240499015486177,CONTROL,0,11.386037,23.364798,-1
PDHB,36.0,21.0,100.0,72.22222222222221,1.0833333333333333,27.77777777777778,-5.776052518676693,-5.799209108839204,CONTROL,0,9.85097,23.924013,-1
PDPK1,1.0,1.0,100.0,0.0,0.0,0.0,-6.349833663343188,-6.339606159171641,CONTROL,0,-2.1473398,6.5249977,-1
PDZD4,1.0,1.0,100.0,0.0,0.0,0.0,-4.546200460128121,-4.577366241610661,CONTROL,0,10.81719,17.887152,-1
PEAK1,1.0,0.0,100.0,0.0,1.0,0.0,-6.265595418153019,-6.2489756357463,CONTROL,0,16.76428,1.9121332,-1
PFN3,1.0,1.0,100.0,0.0,0.0,0.0,-6.046206947642924,-6.1370848415546195,CONTROL,0,0.40344584,7.393251,-1
PGBD2,2.0,2.0,100.0,0.0,0.0,0.0,-5.94818161063046,-5.916480204874212,CONTROL,0,1.6591783,8.099172,-1
PIGZ,1.0,1.0,100.0,0.0,0.0,0.0,-6.254654966888993,-6.21527264214353,CONTROL,0,-1.253579,6.7985625,-1
PIM1,1.0,1.0,100.0,0.0,1.0,0.0,-7.0,-7.0,CONTROL,0,3.6195202,-6.604647,-1
PITPNM3,1.0,1.0,100.0,0.0,1.0,0.0,-5.758064866485718,-5.6375757416363745,CONTROL,0,17.13263,7.2949166,-1
PITRM1,1.0,1.0,100.0,0.0,1.0,0.0,-6.015634034080327,-6.033989267457198,CONTROL,0,17.723177,3.737518,-1
PKN1,2.0,2.0,100.0,0.0,0.0,0.0,-5.786155549778613,-5.804817390174811,CONTROL,0,3.2257166,8.834471,-1
PLBD1,1.0,0.0,100.0,0.0,0.0,0.0,-4.2144995035155866,-4.23654556020732,CONTROL,0,9.653957,17.612076,-1
PLEKHO2,1.0,1.0,100.0,0.0,0.0,0.0,-7.0,-7.0,CONTROL,0,-21.589655,6.3383613,-1
POLM,1.0,1.0,100.0,0.0,0.0,0.0,-5.229805878720686,-5.331171371974389,CONTROL,0,7.377792,10.202669,-1
PORCN,1.0,1.0,100.0,0.0,0.0,0.0,-6.002124724695571,-5.7170004775432455,CONTROL,0,3.2650676,9.28999,-1
PPAN,1.0,1.0,100.0,0.0,0.0,0.0,-6.131859953023475,-6.074695933992839,CONTROL,0,0.65480804,7.6527576,-1
PPIB,18.0,8.0,100.0,55.55555555555556,1.0,33.33333333333333,-6.27254388518691,-6.2592311568386885,CONTROL,0,10.182577,24.232855,-1
PPM1D,2.0,2.0,100.0,0.0,0.0,0.0,-6.299010811122248,-6.398320248071819,CONTROL,0,-2.3297677,6.615596,-1
PPP4C,1.0,1.0,100.0,0.0,0.0,0.0,-6.6399022137086865,-6.593652691190649,CONTROL,0,-3.7922847,6.1439605,-1
PRAG1,2.0,2.0,100.0,0.0,1.0,0.0,-5.090728026464911,-5.176905338272373,CONTROL,0,13.614772,9.651492,-1
PRAMEF17,2.0,2.0,100.0,0.0,1.0,0.0,-4.269232807224129,-4.2402054276456305,CONTROL,0,9.679974,14.117623,-1
PRDM12,1.0,1.0,100.0,0.0,1.0,0.0,-5.84026967795417,-5.812974758643822,CONTROL,0,17.459373,5.72543,-1
PRELID1,1.0,1.0,100.0,0.0,1.0,0.0,-6.015720758561918,-5.826119908641861,CONTROL,0,17.619953,4.675719,-1
PRKAG2,1.0,1.0,100.0,0.0,0.0,0.0,-4.618920673747009,-4.639163963172978,CONTROL,0,11.119743,17.870266,-1
PROCA1,1.0,1.0,100.0,0.0,1.0,0.0,-7.0,-7.0,CONTROL,0,3.874912,-6.476217,-1
PRSS12,1.5,1.5,100.0,0.0,0.0,0.0,-5.822787925711825,-5.851326021424477,CONTROL,0,2.7022276,8.579821,-1
PRSS38,1.0,1.0,100.0,0.0,0.0,0.0,-6.173392840681398,-6.130899854171176,CONTROL,0,-0.7967732,6.899794,-1
PRUNE2,1.0,0.0,100.0,0.0,0.0,0.0,-5.853512377106568,-5.856949476385404,CONTROL,0,2.4855366,8.515417,-1
PRXL2A,1.5,1.5,100.0,0.0,0.0,0.0,-5.803550796333035,-5.858242866425162,CONTROL,0,2.7980018,8.576292,-1
PSMB6,1.0,1.0,100.0,0.0,1.0,0.0,-5.7778205015094635,-5.798106570233862,CONTROL,0,17.323235,6.1382713,-1
PSMD10,1.0,1.0,100.0,0.0,0.0,0.0,-6.188001557250394,-6.281817568183749,CONTROL,0,-0.92666334,6.8403153,-1
PTBP2,2.0,2.0,100.0,0.0,0.0,0.0,-5.8402380944712515,-5.779751138814257,CONTROL,0,3.1795337,8.986662,-1
PTGES3,1.0,0.0,100.0,0.0,1.0,0.0,-7.0,-7.0,CONTROL,0,4.093708,-6.4634366,-1
PTX4,1.0,1.0,100.0,0.0,0.0,0.0,-5.28918189881588,-5.451761839430677,CONTROL,0,6.6563573,9.970101,-1
PXK,1.0,1.0,100.0,0.0,0.0,0.0,-7.0,-7.0,CONTROL,0,-21.78335,6.462337,-1
RAB33A,1.0,1.0,100.0,0.0,0.0,0.0,-6.507548340449366,-6.6514076397800945,CONTROL,0,-3.7049694,6.21934,-1
RAB3A,1.0,1.0,100.0,0.0,1.0,100.0,-7.0,-7.0,CONTROL,0,11.380218,23.342691,-1
RBM33-DT,1.0,1.0,100.0,0.0,0.0,0.0,-5.223287875305542,-5.134246575596147,CONTROL,0,8.444225,10.5410595,-1
RBM8A,7.0,6.0,100.0,42.857142857142854,0.8571428571428571,0.0,-5.944799794981999,-5.977648716134452,CONTROL,0,9.641874,24.890175,-1
RBMX2,1.0,1.0,100.0,0.0,0.0,0.0,-5.188390558179972,-4.970725747866243,CONTROL,0,12.916317,16.011662,-1
REM2,2.0,2.0,100.0,0.0,0.0,0.0,-5.271786856810227,-5.238057305406799,CONTROL,0,8.1912565,10.469962,-1
RIMS4,1.0,1.0,100.0,0.0,1.0,0.0,-7.0,-7.0,CONTROL,0,3.811555,-6.7669888,-1
RLN2,1.0,1.0,100.0,0.0,1.0,0.0,-5.385362431845638,-5.298267470296317,CONTROL,0,14.902384,8.821463,-1
ROR1,1.0,1.0,100.0,0.0,1.0,0.0,-5.803428273242589,-5.865191447789629,CONTROL,0,17.568981,5.2781744,-1
RPL39,1.0,1.0,100.0,0.0,0.0,0.0,-7.0,-7.0,CONTROL,0,-21.68709,6.479565,-1
RRAGB,1.0,1.0,100.0,0.0,0.0,0.0,-5.0993536497146446,-5.228885194917667,CONTROL,0,7.954224,10.299412,-1
RSC1A1,1.0,1.0,100.0,0.0,1.0,0.0,-6.749913545369528,-6.800034380335979,CONTROL,0,15.120362,-0.34321913,-1
RTP2,1.0,1.0,100.0,0.0,1.0,0.0,-6.828844813496662,-6.845491643582119,CONTROL,0,14.992021,-0.4776297,-1
SAXO1,1.0,1.0,100.0,0.0,0.0,0.0,-5.497761804815464,-5.65510499395321,CONTROL,0,4.7864575,9.1617775,-1
SCAMP2,1.0,1.0,100.0,0.0,0.0,0.0,-6.268211691142637,-6.242984186868323,CONTROL,0,-1.3870183,6.742864,-1
SCN2B,1.0,1.0,100.0,0.0,0.0,0.0,-6.031793843398671,-5.937496258376391,CONTROL,0,1.3523687,7.9504404,-1
SCNM1,3.0,3.0,100.0,33.33333333333333,0.0,33.33333333333333,-6.041341758300949,-6.046906598671586,CONTROL,0,10.42472,24.593405,-1
SDHD,1.0,1.0,100.0,0.0,0.0,0.0,-7.0,-7.0,CONTROL,0,-21.542625,6.4027143,-1
SEPTIN5,1.0,1.0,100.0,0.0,1.0,0.0,-5.384909056784296,-5.607671874002024,CONTROL,0,15.521015,8.395611,-1
SERPINI1,1.0,1.0,100.0,0.0,1.0,0.0,-5.576470621847463,-5.428929089493094,CONTROL,0,15.947687,8.116612,-1
SINHCAF,1.0,1.0,100.0,0.0,0.0,0.0,-7.0,-7.0,CONTROL,0,-21.55046,6.353011,-1
SLC30A8,2.0,2.0,100.0,0.0,0.0,0.0,-5.075002995691941,-5.04935918124756,CONTROL,0,12.972357,15.937737,-1
SLC32A1,6.0,3.0,100.0,0.0,0.5,100.0,-5.633269902733441,-5.718561170237916,CONTROL,0,11.506486,23.47359,-1
SLC44A5,1.0,1.0,100.0,0.0,1.0,0.0,-7.0,-7.0,CONTROL,0,3.9406319,-6.637055,-1
SLC67A1,1.0,1.0,100.0,0.0,1.0,0.0,-6.320148108636642,-6.245237954230277,CONTROL,0,16.703434,1.8508127,-1
SLC7A11-AS1,1.0,1.0,100.0,0.0,1.0,0.0,-5.667742982419465,-5.643835473484623,CONTROL,0,16.837214,7.4263873,-1
SLC7A14,1.0,1.0,100.0,0.0,0.0,0.0,-5.832579106885591,-5.8878137170006335,CONTROL,0,2.4442227,8.470623,-1
SLITRK6,10.0,6.0,100.0,80.0,1.0,10.0,-6.413015875639649,-6.454040566764976,CONTROL,0,9.282388,24.81629,-1
SLURP1,17.0,12.0,100.0,35.294117647058826,0.7058823529411765,47.05882352941176,-5.959126656145025,-5.975957195129005,CONTROL,0,10.486515,24.131227,-1
SMARCB1,1.0,0.0,100.0,0.0,0.0,0.0,-7.0,-7.0,CONTROL,0,-21.628,7.0018916,-1
SMOX,1.0,1.0,100.0,0.0,0.0,0.0,-5.556936711348062,-5.703788949787976,CONTROL,0,4.6510305,9.122575,-1
SMYD4,1.0,1.0,100.0,0.0,0.0,0.0,-5.805585873720804,-5.919706236615354,CONTROL,0,2.4878318,8.431032,-1
SNORA70,1.0,1.0,100.0,0.0,1.0,0.0,-7.0,-7.0,CONTROL,0,3.5729675,-6.816579,-1
SNRNP25,1.0,1.0,100.0,0.0,0.0,0.0,-6.164053158704437,-6.300856919790364,CONTROL,0,-0.7971535,6.924996,-1
SNX19,1.0,1.0,100.0,0.0,1.0,0.0,-5.8185894270635785,-5.918114642302198,CONTROL,0,17.643185,5.0770617,-1
SNX22,3.0,3.0,100.0,66.66666666666666,2.0,33.33333333333333,-6.388674725038775,-6.454794055339412,CONTROL,0,9.975443,24.099367,-1
SOCS1,10.0,6.0,100.0,70.0,0.8,20.0,-6.009934230612705,-5.966297878977312,CONTROL,0,9.902625,24.671768,-1
SOD1,130.0,79.0,100.0,6.923076923076923,1.3153846153846154,86.15384615384616,-5.658132497307399,-5.668156186311793,CONTROL,0,10.799191,23.522268,-1
SOX2-OT,1.0,1.0,100.0,0.0,1.0,0.0,-6.145993057943432,-6.306491172593538,CONTROL,0,17.036795,2.0586963,-1
SPATA31F1,1.0,1.0,100.0,0.0,1.0,0.0,-7.0,-7.0,CONTROL,0,3.9397132,-6.6502795,-1
SPATA31J1,1.0,1.0,100.0,0.0,1.0,0.0,-5.256918967328626,-5.273291802089622,CONTROL,0,14.41973,9.160505,-1
SPCS3,1.0,1.0,100.0,0.0,1.0,0.0,-6.158928926326322,-6.065862615972817,CONTROL,0,17.325056,2.9001005,-1
SPRR1B,1.0,1.0,100.0,0.0,0.0,0.0,-7.0,-7.0,CONTROL,0,-21.384651,6.46526,-1
SPRTN,1.0,1.0,100.0,0.0,1.0,0.0,-7.0,-7.0,CONTROL,0,3.732814,-6.5758266,-1
SRD5A2,1.5,1.5,100.0,0.0,0.0,0.0,-6.386673714969101,-6.500272581216111,CONTROL,0,-2.7663326,6.4954925,-1
ST3GAL2,1.0,1.0,100.0,0.0,0.0,0.0,-5.630146682713435,-5.408031874082257,CONTROL,0,5.4865384,9.576861,-1
SUOX,81.0,63.0,100.0,80.24691358024691,1.123456790123457,16.049382716049383,-6.141209483149675,-6.148137301811689,CONTROL,0,9.947348,23.43358,-1
SYN1,1.0,1.0,100.0,0.0,1.0,0.0,-6.772053369492149,-6.810819227844428,CONTROL,0,15.106712,-0.35808283,-1
SYNPR,2.0,2.0,100.0,0.0,0.0,0.0,-7.0,-7.0,CONTROL,0,-20.76102,5.421746,-1
TAS2R1,1.0,1.0,100.0,0.0,1.0,0.0,-5.954272140372766,-6.181528586094943,CONTROL,0,17.472242,3.131242,-1
TBR1,65.0,31.0,100.0,63.07692307692307,0.9692307692307692,30.76923076923077,-5.8703841202309235,-5.876573018459288,CONTROL,0,9.907139,23.77466,-1
TBXAS1,1.0,1.0,100.0,0.0,1.0,0.0,-6.093210232782523,-6.017360658513757,CONTROL,0,17.58708,3.5807984,-1
TCAP,35.0,22.0,100.0,85.71428571428571,1.2285714285714286,8.571428571428571,-6.176808822409983,-6.170598203119702,CONTROL,0,9.376091,24.417145,-1
TCEAL9,1.0,1.0,100.0,0.0,0.0,0.0,-5.519153090401342,-5.460715474355349,CONTROL,0,5.5892386,9.334388,-1
TCF20,1.0,1.0,100.0,0.0,0.0,0.0,-7.0,-7.0,CONTROL,0,-21.656796,6.5061626,-1
TERB1,1.0,1.0,100.0,0.0,0.0,0.0,-6.271478277389053,-6.220630418234235,CONTROL,0,-1.3661537,6.7745695,-1
TERT,1.0,1.0,100.0,0.0,0.0,0.0,-7.0,-7.0,CONTROL,0,-21.653843,6.5112243,-1
TH,1.0,1.0,100.0,0.0,0.0,0.0,-4.705169186207719,-4.5255200113532705,CONTROL,0,11.183874,17.92636,-1
TIAL1,1.0,1.0,100.0,0.0,0.0,0.0,-5.616374360456204,-5.552365512880575,CONTROL,0,5.020543,9.381799,-1
TIGD1,3.0,1.0,100.0,66.66666666666666,1.0,0.0,-6.61974290920359,-6.547743171486892,CONTROL,0,9.385627,24.825386,-1
TMEM114,1.0,1.0,100.0,0.0,1.0,0.0,-5.902462445969477,-5.9632694017829895,CONTROL,0,17.73833,4.4641547,-1
TMEM126A,11.0,7.0,100.0,72.72727272727273,1.0909090909090908,0.0,-5.799351958584524,-5.764580527361321,CONTROL,0,9.423784,24.668587,-1
TMEM129,1.0,1.0,100.0,0.0,1.0,0.0,-6.837846371815948,-6.928747395995558,CONTROL,0,14.981758,-0.48851356,-1
TMEM176B,1.0,1.0,100.0,0.0,1.0,0.0,-4.465301657521968,-4.352753101171046,CONTROL,0,9.974228,13.7944975,-1
TMEM179B,1.5,1.5,100.0,0.0,0.0,0.0,-6.123647732592941,-6.037752932875595,CONTROL,0,0.74188536,7.7210183,-1
TMEM187,2.0,2.0,100.0,0.0,0.5,0.0,-5.968407773016124,-6.039906576227488,CONTROL,0,6.885951,2.749296,-1
TMPRSS4,1.0,1.0,100.0,0.0,0.0,0.0,-6.4620280642692345,-6.46033642269528,CONTROL,0,-3.0107627,6.406607,-1
TNK2-AS1,1.0,1.0,100.0,0.0,1.0,0.0,-7.0,-7.0,CONTROL,0,3.5942788,-6.537599,-1
TNNT3,1.0,1.0,100.0,0.0,0.0,0.0,-7.0,-7.0,CONTROL,0,-21.824312,6.348525,-1
TRARG1,1.0,1.0,100.0,0.0,0.0,0.0,-7.0,-6.980930174345658,CONTROL,0,-21.412292,6.462542,-1
TREX1,7.0,6.0,100.0,28.57142857142857,1.4285714285714286,0.0,-5.53388062903647,-5.54718246738597,CONTROL,0,16.063232,7.991776,-1
TRMT1,1.0,1.0,100.0,0.0,0.0,0.0,-7.0,-7.0,CONTROL,0,-21.515764,6.1780167,-1
TRMT2A,4.0,3.0,100.0,0.0,0.5,0.0,-5.498708774538479,-5.4856815562882115,CONTROL,0,7.206241,4.904737,-1
TRP-AGG2-6,1.0,1.0,100.0,0.0,0.0,0.0,-7.0,-7.0,CONTROL,0,-21.393675,6.4010096,-1
TRV-CAC7-1,1.0,1.0,100.0,0.0,0.0,0.0,-5.76892873393632,-5.80355269874498,CONTROL,0,3.2119985,8.75848,-1
TSPYL2,1.0,1.0,100.0,0.0,1.0,0.0,-7.0,-7.0,CONTROL,0,3.7898757,-6.909099,-1
TUBA3E,2.0,0.0,100.0,0.0,0.5,0.0,-6.414054644180121,-6.453244334588032,CONTROL,0,6.107135,2.726885,-1
TXN,1.0,1.0,100.0,0.0,0.0,0.0,-6.198809793388664,-6.199635199217565,CONTROL,0,-0.85872746,6.8764677,-1
UBE2R2,1.0,1.0,100.0,0.0,0.0,0.0,-5.495966070892615,-5.546405426101857,CONTROL,0,5.595218,9.320957,-1
UBE4A,1.0,1.0,100.0,0.0,1.0,0.0,-7.0,-7.0,CONTROL,0,3.787834,-6.665468,-1
UQCRFS1,4.0,3.0,100.0,50.0,0.5,25.0,-5.992957757728643,-6.046406027400515,CONTROL,0,10.150858,24.6754,-1
URB2,1.0,1.0,100.0,0.0,1.0,0.0,-7.0,-7.0,CONTROL,0,3.6712909,-6.711265,-1
USP26,1.0,1.0,100.0,0.0,0.0,0.0,-7.0,-7.0,CONTROL,0,-21.326832,6.4252267,-1
VPREB3,1.0,1.0,100.0,0.0,0.0,0.0,-3.3796479465232667,-3.2669274886220014,CONTROL,0,8.78331,16.595926,-1
VPS45,2.0,2.0,100.0,0.0,1.0,0.0,-6.584422868811949,-6.577378605217751,CONTROL,0,15.701394,0.33721557,-1
VWA2,1.0,1.0,100.0,0.0,0.0,0.0,-5.990485879385994,-5.944371483845946,CONTROL,0,1.3928638,7.965493,-1
WDR37,1.0,1.0,100.0,0.0,0.0,0.0,-7.0,-7.0,CONTROL,0,-21.589098,6.202046,-1
WDR86,2.0,2.0,100.0,0.0,0.5,0.0,-6.358567335886258,-6.303844727598067,CONTROL,0,6.171485,2.7581728,-1
XIAP,1.0,1.0,100.0,0.0,0.0,0.0,-5.100578190715392,-5.066219595786884,CONTROL,0,12.999163,15.954367,-1
XKR4,1.0,1.0,100.0,0.0,0.0,0.0,-5.069376786541014,-5.075382301549929,CONTROL,0,12.977581,15.935138,-1
YRDC,3.0,3.0,100.0,33.33333333333333,0.0,33.33333333333333,-5.758748655186672,-5.678482813932887,CONTROL,0,10.385826,24.597391,-1
ZBTB32,1.0,1.0,100.0,0.0,0.0,0.0,-5.807370319697231,-5.676415781580491,CONTROL,0,3.5860085,9.147434,-1
ZDHHC19,1.0,1.0,100.0,0.0,1.0,0.0,-6.614802486747147,-6.4859573569644065,CONTROL,0,15.700751,0.3498151,-1
ZDHHC21,1.0,0.0,100.0,0.0,1.0,0.0,-4.806440741869872,-4.71930378818258,CONTROL,0,11.379579,12.308028,-1
ZFP57,1.0,1.0,100.0,0.0,0.0,0.0,-5.956447471346191,-5.900448687723776,CONTROL,0,1.6813418,8.114318,-1
ZNF212,1.0,1.0,100.0,0.0,1.0,0.0,-5.8833763742940715,-5.9621461130751054,CONTROL,0,17.705507,4.5732884,-1
ZNF282,1.0,0.0,100.0,0.0,0.0,0.0,-7.0,-7.0,CONTROL,0,-21.609386,7.015257,-1
ZNF418,1.0,0.0,100.0,0.0,0.0,100.0,-5.512417337511179,-5.590510733411769,CONTROL,0,11.776071,23.677563,-1
ZNF446,1.0,1.0,100.0,100.0,0.0,0.0,-3.242465207583961,-3.1571049879981725,CONTROL,0,9.314738,25.175457,-1
ZNF572,1.0,1.0,100.0,0.0,0.0,0.0,-5.436638650369343,-5.560382892566176,CONTROL,0,5.9527235,9.471204,-1
ZNF740,1.0,1.0,100.0,0.0,0.0,0.0,-5.839763521272079,-5.87042652843664,CONTROL,0,2.4652064,8.496469,-1
ZSCAN10,5.0,5.0,100.0,60.0,0.6,0.0,-6.3421533284798155,-6.341869787292538,CONTROL,0,9.608425,24.901253,-1
